time,bangor,milford,portrush,liverpool,porterin,holyhead,heysham,laldudno,fishgaurd,barmouth,millport,dublin,oriel,howth,arklow
1938.042,NA,NA,NA,NA,NA,NA,NA,NA,NA,NA,NA,2446,NA,NA,NA
1938.125,NA,NA,NA,NA,NA,6790,NA,NA,NA,NA,NA,2306,NA,NA,NA
1938.2083,NA,NA,NA,NA,NA,6839,NA,NA,NA,NA,NA,2434,NA,NA,NA
1938.2917,NA,NA,NA,NA,NA,6732,NA,NA,NA,NA,NA,2281,NA,NA,NA
1938.375,NA,NA,NA,NA,NA,6879,NA,NA,NA,NA,NA,2269,NA,NA,NA
1938.4583,NA,NA,NA,NA,NA,6815,NA,NA,NA,NA,NA,2333,NA,NA,NA
1938.5417,NA,NA,NA,NA,NA,6930,NA,NA,NA,NA,NA,2333,NA,NA,NA
1938.625,NA,NA,NA,NA,NA,6979,NA,NA,NA,NA,NA,2333,NA,NA,NA
1938.7083,NA,NA,NA,NA,NA,6946,NA,NA,NA,NA,NA,2370,NA,NA,NA
1938.7917,NA,NA,NA,NA,NA,7083,NA,NA,NA,NA,NA,2446,NA,NA,NA
1938.875,NA,NA,NA,NA,NA,7223,NA,NA,NA,NA,NA,2574,NA,NA,NA
1938.9583,NA,NA,NA,NA,NA,6982,NA,NA,NA,NA,NA,2473,NA,NA,NA
1939.0417,NA,NA,NA,NA,NA,7089,NA,NA,NA,NA,NA,2626,NA,NA,NA
1939.125,NA,NA,NA,NA,NA,7049,NA,NA,NA,NA,NA,2434,NA,NA,NA
1939.2083,NA,NA,NA,NA,NA,6900,NA,NA,NA,NA,NA,2336,NA,NA,NA
1939.2917,NA,NA,NA,NA,NA,6955,NA,NA,NA,NA,NA,2422,NA,NA,NA
1939.375,NA,NA,NA,NA,NA,6775,NA,NA,NA,NA,NA,2382,NA,NA,NA
1939.4583,NA,NA,NA,NA,NA,6927,NA,NA,NA,NA,NA,2294,NA,NA,NA
1939.5417,NA,NA,NA,NA,NA,7013,NA,NA,NA,NA,NA,2406,NA,NA,NA
1939.625,NA,NA,NA,NA,NA,6970,NA,NA,NA,NA,NA,2309,NA,NA,NA
1939.7083,NA,NA,NA,NA,NA,6982,NA,NA,NA,NA,NA,2358,NA,NA,NA
1939.7917,NA,NA,NA,NA,NA,6997,NA,NA,NA,NA,NA,2470,NA,NA,NA
1939.875,NA,NA,NA,NA,NA,7086,NA,NA,NA,NA,NA,2574,NA,NA,NA
1939.9583,NA,NA,NA,NA,NA,6924,NA,NA,NA,NA,NA,2486,NA,NA,NA
1940.0417,NA,NA,NA,NA,NA,7119,NA,NA,NA,NA,NA,2458,NA,NA,NA
1940.125,NA,NA,NA,NA,NA,7132,NA,NA,NA,NA,NA,2470,NA,NA,NA
1940.2083,NA,NA,NA,NA,NA,6997,NA,NA,NA,NA,NA,2422,NA,NA,NA
1940.2917,NA,NA,NA,NA,NA,6869,NA,NA,NA,NA,NA,2382,NA,NA,NA
1940.375,NA,NA,NA,NA,NA,6876,NA,NA,NA,NA,NA,2409,NA,NA,NA
1940.4583,NA,NA,NA,NA,NA,6854,NA,NA,NA,NA,NA,2336,NA,NA,NA
1940.5417,NA,NA,NA,NA,NA,6879,NA,NA,NA,NA,NA,2382,NA,NA,NA
1940.625,NA,NA,NA,NA,NA,6869,NA,NA,NA,NA,NA,2294,NA,NA,NA
1940.7083,NA,NA,NA,NA,NA,6903,NA,NA,NA,NA,NA,2370,NA,NA,NA
1940.7917,NA,NA,NA,NA,NA,7049,NA,NA,NA,NA,NA,2534,NA,NA,NA
1940.875,NA,NA,NA,NA,NA,7199,NA,NA,NA,NA,NA,2486,NA,NA,NA
1940.9583,NA,NA,NA,NA,NA,6839,NA,NA,NA,NA,NA,2281,NA,NA,NA
1941.0417,NA,NA,NA,NA,NA,7031,NA,NA,NA,NA,NA,2470,NA,NA,NA
1941.125,NA,NA,NA,NA,NA,6918,NA,NA,NA,NA,NA,2574,NA,NA,NA
1941.2083,NA,NA,NA,NA,NA,6778,NA,NA,NA,NA,NA,2358,NA,NA,NA
1941.2917,NA,NA,NA,NA,NA,6735,NA,NA,NA,NA,NA,2358,NA,NA,NA
1941.375,NA,NA,NA,NA,NA,6888,NA,NA,NA,NA,NA,2345,NA,NA,NA
1941.4583,NA,NA,NA,NA,NA,6924,NA,NA,NA,NA,NA,2397,NA,NA,NA
1941.5417,NA,NA,NA,NA,NA,6888,NA,NA,NA,NA,NA,2461,NA,NA,NA
1941.625,NA,NA,NA,NA,NA,7049,NA,NA,NA,NA,NA,2409,NA,NA,NA
1941.7083,NA,NA,NA,NA,NA,6912,NA,NA,NA,NA,NA,2333,NA,NA,NA
1941.7917,NA,NA,NA,NA,NA,6997,NA,NA,NA,NA,NA,2409,NA,NA,NA
1941.875,NA,NA,NA,NA,NA,NA,NA,NA,NA,NA,NA,2522,NA,NA,NA
1941.9583,NA,NA,NA,NA,NA,NA,NA,NA,NA,NA,NA,2321,NA,NA,NA
1942.0417,NA,NA,NA,NA,NA,NA,NA,NA,NA,NA,NA,2248,NA,NA,NA
1942.125,NA,NA,NA,NA,NA,6854,NA,NA,NA,NA,NA,2193,NA,NA,NA
1942.2083,NA,NA,NA,NA,NA,6812,NA,NA,NA,NA,NA,2364,NA,NA,NA
1942.2917,NA,NA,NA,NA,NA,6821,NA,NA,NA,NA,NA,2339,NA,NA,NA
1942.375,NA,NA,NA,NA,NA,6933,NA,NA,NA,NA,NA,2446,NA,NA,NA
1942.4583,NA,NA,NA,NA,NA,6851,NA,NA,NA,NA,NA,2333,NA,NA,NA
1942.5417,NA,NA,NA,NA,NA,6857,NA,NA,NA,NA,NA,2382,NA,NA,NA
1942.625,NA,NA,NA,NA,NA,7043,NA,NA,NA,NA,NA,2440,NA,NA,NA
1942.7083,NA,NA,NA,NA,NA,6958,NA,NA,NA,NA,NA,2464,NA,NA,NA
1942.7917,NA,NA,NA,NA,NA,6976,NA,NA,NA,NA,NA,2522,NA,NA,NA
1942.875,NA,NA,NA,NA,NA,6900,NA,NA,NA,NA,NA,2370,NA,NA,NA
1942.9583,NA,NA,NA,NA,NA,6906,NA,NA,NA,NA,NA,2598,NA,NA,NA
1943.0417,NA,NA,NA,NA,NA,7055,NA,NA,NA,NA,NA,2559,NA,NA,NA
1943.125,NA,NA,NA,NA,NA,6815,NA,NA,NA,NA,NA,2245,NA,NA,NA
1943.2083,NA,NA,NA,NA,NA,6757,NA,NA,NA,NA,NA,2324,NA,NA,NA
1943.2917,NA,NA,NA,NA,NA,6854,NA,NA,NA,NA,NA,2345,NA,NA,NA
1943.375,NA,NA,NA,NA,NA,6876,NA,NA,NA,NA,NA,2333,NA,NA,NA
1943.4583,NA,NA,NA,NA,NA,6918,NA,NA,NA,NA,NA,2370,NA,NA,NA
1943.5417,NA,NA,NA,NA,NA,6720,NA,NA,NA,NA,NA,2422,NA,NA,NA
1943.625,NA,NA,NA,NA,NA,7031,NA,NA,NA,NA,NA,2498,NA,NA,NA
1943.7083,NA,NA,NA,NA,NA,6921,NA,NA,NA,NA,NA,2452,NA,NA,NA
1943.7917,NA,NA,NA,NA,NA,7092,NA,NA,NA,NA,NA,2586,NA,NA,NA
1943.875,NA,NA,NA,NA,NA,6994,NA,NA,NA,NA,NA,2382,NA,NA,NA
1943.9583,NA,NA,NA,NA,NA,6915,NA,NA,NA,NA,NA,2364,NA,NA,NA
1944.0417,NA,NA,NA,NA,NA,6988,NA,NA,NA,NA,NA,2400,NA,NA,NA
1944.125,NA,NA,NA,NA,NA,6796,NA,NA,NA,NA,NA,2248,NA,NA,NA
1944.2083,NA,NA,NA,NA,NA,6802,NA,NA,NA,NA,NA,2269,NA,NA,NA
1944.2917,NA,NA,NA,NA,NA,6909,NA,NA,NA,NA,NA,2370,NA,NA,NA
1944.375,NA,NA,NA,NA,NA,6812,NA,NA,NA,NA,NA,2327,NA,NA,NA
1944.4583,NA,NA,NA,NA,NA,6860,NA,NA,NA,NA,NA,2422,NA,NA,NA
1944.5417,NA,NA,NA,NA,NA,6979,NA,NA,NA,NA,NA,2440,NA,NA,NA
1944.625,NA,NA,NA,NA,NA,6891,NA,NA,NA,NA,NA,2428,NA,NA,NA
1944.7083,NA,NA,NA,NA,NA,6860,NA,NA,NA,NA,NA,2388,NA,NA,NA
1944.7917,NA,NA,NA,NA,NA,6949,NA,NA,NA,NA,NA,2400,NA,NA,NA
1944.875,NA,NA,NA,NA,NA,7007,NA,NA,NA,NA,NA,2498,NA,NA,NA
1944.9583,NA,NA,NA,NA,NA,6973,NA,NA,NA,NA,NA,2376,NA,NA,NA
1945.0417,NA,NA,NA,NA,NA,6732,NA,NA,NA,NA,NA,2254,NA,NA,NA
1945.125,NA,NA,NA,NA,NA,7001,NA,NA,NA,NA,NA,2370,NA,NA,NA
1945.2083,NA,NA,NA,NA,NA,6732,NA,NA,NA,NA,NA,2281,NA,NA,NA
1945.2917,NA,NA,NA,NA,NA,6958,NA,NA,NA,NA,NA,2397,NA,NA,NA
1945.375,NA,NA,NA,NA,NA,6836,NA,NA,NA,NA,NA,2470,NA,NA,NA
1945.4583,NA,NA,NA,NA,NA,6866,NA,NA,NA,NA,NA,2422,NA,NA,NA
1945.5417,NA,NA,NA,NA,NA,6885,NA,NA,NA,NA,NA,2422,NA,NA,NA
1945.625,NA,NA,NA,NA,NA,6866,NA,NA,NA,NA,NA,2397,NA,NA,NA
1945.7083,NA,NA,NA,NA,NA,6790,NA,NA,NA,NA,NA,2422,NA,NA,NA
1945.7917,NA,NA,NA,NA,NA,7055,NA,NA,NA,NA,NA,2510,NA,NA,NA
1945.875,NA,NA,NA,NA,NA,6933,NA,NA,NA,NA,NA,2498,NA,NA,NA
1945.9583,NA,NA,NA,NA,NA,6973,NA,NA,NA,NA,NA,2611,NA,NA,NA
1946.0417,NA,NA,NA,NA,NA,6952,NA,NA,NA,NA,NA,2470,NA,NA,NA
1946.125,NA,NA,NA,NA,NA,6891,NA,NA,NA,NA,NA,2294,NA,NA,NA
1946.2083,NA,NA,NA,NA,NA,6912,NA,NA,NA,NA,NA,2388,NA,NA,NA
1946.2917,NA,NA,NA,NA,NA,6830,NA,NA,NA,NA,NA,2281,NA,NA,NA
1946.375,NA,NA,NA,NA,NA,6897,NA,NA,NA,NA,NA,2403,NA,NA,NA
1946.4583,NA,NA,NA,NA,NA,6958,NA,NA,NA,NA,NA,2446,NA,NA,NA
1946.5417,NA,NA,NA,NA,NA,6930,NA,NA,NA,NA,NA,2382,NA,NA,NA
1946.625,NA,NA,NA,NA,NA,7007,NA,NA,NA,NA,NA,2434,NA,NA,NA
1946.7083,NA,NA,NA,NA,NA,7040,NA,NA,NA,NA,NA,2498,NA,NA,NA
1946.7917,NA,NA,NA,NA,NA,6863,NA,NA,NA,NA,NA,2476,NA,NA,NA
1946.875,NA,NA,NA,NA,NA,6940,NA,NA,NA,NA,NA,2586,NA,NA,NA
1946.9583,NA,NA,NA,NA,NA,6836,NA,NA,NA,NA,NA,2382,NA,NA,NA
1947.0417,NA,NA,NA,NA,NA,6857,NA,NA,NA,NA,NA,2422,NA,NA,NA
1947.125,NA,NA,NA,NA,NA,6647,NA,NA,NA,NA,NA,2397,NA,NA,NA
1947.2083,NA,NA,NA,NA,NA,6967,NA,NA,NA,NA,NA,2537,NA,NA,NA
1947.2917,NA,NA,NA,NA,NA,6860,NA,NA,NA,NA,NA,2510,NA,NA,NA
1947.375,NA,NA,NA,NA,NA,6809,NA,NA,NA,NA,NA,2434,NA,NA,NA
1947.4583,NA,NA,NA,NA,NA,6848,NA,NA,NA,NA,NA,2498,NA,NA,NA
1947.5417,NA,NA,NA,NA,NA,6845,NA,NA,NA,NA,NA,2473,NA,NA,NA
1947.625,NA,NA,NA,NA,NA,6690,NA,NA,NA,NA,NA,2345,NA,NA,NA
1947.7083,NA,NA,NA,NA,NA,6787,NA,NA,NA,NA,NA,2422,NA,NA,NA
1947.7917,NA,NA,NA,NA,NA,6754,NA,NA,NA,NA,NA,2370,NA,NA,NA
1947.875,NA,NA,NA,NA,NA,6946,NA,NA,NA,NA,NA,2492,NA,NA,NA
1947.9583,NA,NA,NA,NA,NA,7025,NA,NA,NA,NA,NA,2382,NA,NA,NA
1948.0417,NA,NA,NA,NA,NA,6994,NA,NA,NA,NA,NA,2620,NA,NA,NA
1948.125,NA,NA,NA,NA,NA,6830,NA,NA,NA,NA,NA,2400,NA,NA,NA
1948.2083,NA,NA,NA,NA,NA,6757,NA,NA,NA,NA,NA,2379,NA,NA,NA
1948.2917,NA,NA,NA,NA,NA,6952,NA,NA,NA,NA,NA,2397,NA,NA,NA
1948.375,NA,NA,NA,NA,NA,6754,NA,NA,NA,NA,NA,2406,NA,NA,NA
1948.4583,NA,NA,NA,NA,NA,6775,NA,NA,NA,NA,NA,2394,NA,NA,NA
1948.5417,NA,NA,NA,NA,NA,6885,NA,NA,NA,NA,NA,2382,NA,NA,NA
1948.625,NA,NA,NA,NA,NA,6940,NA,NA,NA,NA,NA,2470,NA,NA,NA
1948.7083,NA,NA,NA,NA,NA,6726,NA,NA,NA,NA,NA,2473,NA,NA,NA
1948.7917,NA,NA,NA,NA,NA,7171,NA,NA,NA,NA,NA,2291,NA,NA,NA
1948.875,NA,NA,NA,NA,NA,6854,NA,NA,NA,NA,NA,2513,NA,NA,NA
1948.9583,NA,NA,NA,NA,NA,7022,NA,NA,NA,NA,NA,2604,NA,NA,NA
1949.0417,NA,NA,NA,NA,NA,6873,NA,NA,NA,NA,NA,2315,NA,NA,NA
1949.125,NA,NA,NA,NA,NA,6924,NA,NA,NA,NA,NA,2422,NA,NA,NA
1949.2083,NA,NA,NA,NA,NA,6726,NA,NA,NA,NA,NA,2300,NA,NA,NA
1949.2917,NA,NA,NA,NA,NA,6921,NA,NA,NA,NA,NA,2391,NA,NA,NA
1949.375,NA,NA,NA,NA,NA,6903,NA,NA,NA,NA,NA,2373,NA,NA,NA
1949.4583,NA,NA,NA,NA,NA,6891,NA,NA,NA,NA,NA,2330,NA,NA,NA
1949.5417,NA,NA,NA,NA,NA,6900,NA,NA,NA,NA,NA,2330,NA,NA,NA
1949.625,NA,NA,NA,NA,NA,6940,NA,NA,NA,NA,NA,2461,NA,NA,NA
1949.7083,NA,NA,NA,NA,NA,7040,NA,NA,NA,NA,NA,2528,NA,NA,NA
1949.7917,NA,NA,NA,NA,NA,7147,NA,NA,NA,NA,NA,2574,NA,NA,NA
1949.875,NA,NA,NA,NA,NA,7080,NA,NA,NA,NA,NA,2544,NA,NA,NA
1949.9583,NA,NA,NA,NA,NA,7074,NA,NA,NA,NA,NA,2452,NA,NA,NA
1950.0417,NA,NA,NA,NA,NA,6982,NA,NA,NA,NA,NA,2373,NA,NA,NA
1950.125,NA,NA,NA,NA,NA,7092,NA,NA,NA,NA,NA,2513,NA,NA,NA
1950.2083,NA,NA,NA,NA,NA,6933,NA,NA,NA,NA,NA,2397,NA,NA,NA
1950.2917,NA,NA,NA,NA,NA,6967,NA,NA,NA,NA,NA,2345,NA,NA,NA
1950.375,NA,NA,NA,NA,NA,6830,NA,NA,NA,NA,NA,2351,NA,NA,NA
1950.4583,NA,NA,NA,NA,NA,6976,NA,NA,NA,NA,NA,2376,NA,NA,NA
1950.5417,NA,NA,NA,NA,NA,6958,NA,NA,NA,NA,NA,2291,NA,NA,NA
1950.625,NA,NA,NA,NA,NA,7043,NA,NA,NA,NA,NA,2473,NA,NA,NA
1950.7083,NA,NA,NA,NA,NA,7104,NA,NA,NA,NA,NA,2483,NA,NA,NA
1950.7917,NA,NA,NA,NA,NA,7049,NA,NA,NA,NA,NA,2473,NA,NA,NA
1950.875,NA,NA,NA,NA,NA,7150,NA,NA,NA,NA,NA,2483,NA,NA,NA
1950.9583,NA,NA,NA,NA,NA,6964,NA,NA,NA,NA,NA,2391,NA,NA,NA
1951.0417,NA,NA,NA,NA,NA,7043,NA,NA,NA,NA,NA,2553,NA,NA,NA
1951.125,NA,NA,NA,NA,NA,7171,NA,NA,NA,NA,NA,2528,NA,NA,NA
1951.2083,NA,NA,NA,NA,NA,6854,NA,NA,NA,NA,NA,2443,NA,NA,NA
1951.2917,NA,NA,NA,NA,NA,6848,NA,NA,NA,NA,NA,2355,NA,NA,NA
1951.375,NA,NA,NA,NA,NA,6900,NA,NA,NA,NA,NA,2382,NA,NA,NA
1951.4583,NA,NA,NA,NA,NA,6897,NA,NA,NA,NA,NA,2416,NA,NA,NA
1951.5417,NA,NA,NA,NA,NA,6915,NA,NA,NA,NA,NA,2385,NA,NA,NA
1951.625,NA,NA,NA,NA,NA,6988,NA,NA,NA,NA,NA,2461,NA,NA,NA
1951.7083,NA,NA,NA,NA,NA,7068,NA,NA,NA,NA,NA,2522,NA,NA,NA
1951.7917,NA,NA,NA,NA,NA,6979,NA,NA,NA,NA,NA,2440,NA,NA,NA
1951.875,NA,NA,NA,NA,NA,7086,NA,NA,NA,NA,NA,2641,NA,NA,NA
1951.9583,NA,NA,NA,NA,NA,6985,NA,NA,NA,NA,NA,2540,NA,NA,NA
1952.0417,NA,NA,NA,NA,NA,6997,NA,NA,NA,NA,NA,2388,NA,NA,NA
1952.125,NA,NA,NA,NA,NA,6693,NA,NA,NA,NA,NA,2339,NA,NA,NA
1952.2083,NA,NA,NA,NA,NA,6891,NA,NA,NA,NA,NA,2501,NA,NA,NA
1952.2917,NA,NA,NA,NA,NA,6738,NA,NA,NA,NA,NA,2416,NA,NA,NA
1952.375,NA,NA,NA,NA,NA,7214,NA,NA,NA,NA,NA,2434,NA,NA,NA
1952.4583,NA,NA,NA,NA,NA,6821,NA,NA,NA,NA,NA,2431,NA,NA,NA
1952.5417,NA,NA,NA,NA,NA,6845,NA,NA,NA,NA,NA,2336,NA,NA,NA
1952.625,NA,NA,NA,NA,NA,6815,NA,NA,NA,NA,NA,2446,NA,NA,NA
1952.7083,NA,NA,NA,NA,NA,6845,NA,NA,NA,NA,NA,2379,NA,NA,NA
1952.7917,NA,NA,NA,NA,NA,6790,NA,NA,NA,NA,NA,2507,NA,NA,NA
1952.875,NA,NA,NA,NA,NA,6842,NA,NA,NA,NA,NA,2391,NA,NA,NA
1952.9583,NA,NA,NA,NA,NA,6936,NA,NA,NA,NA,NA,2437,NA,NA,NA
1953.0417,NA,NA,NA,NA,NA,6746,NA,NA,NA,NA,NA,2318,NA,NA,NA
1953.125,NA,NA,NA,NA,NA,6984,NA,NA,NA,NA,NA,2306,NA,NA,NA
1953.2083,NA,NA,NA,NA,NA,6752,NA,NA,NA,NA,NA,2254,NA,NA,NA
1953.2917,NA,NA,NA,NA,NA,6837,NA,NA,NA,NA,NA,2428,NA,NA,NA
1953.375,NA,NA,NA,NA,NA,6810,NA,NA,NA,NA,NA,2351,NA,NA,NA
1953.4583,NA,NA,NA,NA,NA,6795,NA,NA,NA,NA,NA,2348,NA,NA,NA
1953.5417,NA,NA,NA,NA,NA,6923,NA,NA,NA,NA,NA,2428,NA,NA,NA
1953.625,NA,NA,NA,NA,NA,6923,NA,NA,NA,NA,NA,2550,NA,NA,NA
1953.7083,NA,NA,NA,NA,NA,6959,NA,NA,NA,NA,NA,2504,NA,NA,NA
1953.7917,NA,NA,NA,NA,NA,6807,NA,NA,NA,NA,NA,2467,NA,NA,NA
1953.875,NA,NA,NA,NA,NA,6971,NA,NA,NA,NA,NA,2498,NA,NA,NA
1953.9583,NA,NA,NA,NA,NA,6691,NA,NA,NA,NA,NA,2504,NA,NA,NA
1954.0417,NA,NA,NA,NA,NA,6996,NA,NA,NA,NA,NA,2275,NA,NA,NA
1954.125,NA,NA,NA,NA,NA,6792,NA,NA,NA,NA,NA,2342,NA,NA,NA
1954.2083,NA,NA,NA,NA,NA,6874,NA,NA,NA,NA,NA,2464,NA,NA,NA
1954.2917,NA,NA,NA,NA,NA,7075,NA,NA,NA,NA,NA,2284,NA,NA,NA
1954.375,NA,NA,NA,NA,NA,6688,NA,NA,NA,NA,NA,2367,NA,NA,NA
1954.4583,NA,NA,NA,NA,NA,6813,NA,NA,NA,NA,NA,2425,NA,NA,NA
1954.5417,NA,NA,NA,NA,NA,6853,NA,NA,NA,NA,NA,2400,NA,NA,NA
1954.625,NA,NA,NA,NA,NA,6868,NA,NA,NA,NA,NA,2440,NA,NA,NA
1954.7083,NA,NA,NA,NA,NA,6868,NA,NA,NA,NA,NA,2501,NA,NA,NA
1954.7917,NA,NA,NA,NA,NA,6990,NA,NA,NA,NA,NA,2559,NA,NA,NA
1954.875,NA,NA,NA,NA,NA,7020,NA,NA,NA,NA,NA,2559,NA,NA,NA
1954.9583,NA,NA,NA,NA,NA,6853,NA,NA,NA,NA,NA,2437,NA,NA,NA
1955.0417,NA,NA,NA,NA,NA,6792,NA,NA,NA,NA,NA,2495,NA,NA,NA
1955.125,NA,NA,NA,NA,NA,7112,NA,NA,NA,NA,NA,2483,NA,NA,NA
1955.2083,NA,NA,NA,NA,NA,6721,NA,NA,NA,NA,NA,2348,NA,NA,NA
1955.2917,NA,NA,NA,NA,NA,6779,NA,NA,NA,NA,NA,2361,NA,NA,NA
1955.375,NA,NA,NA,NA,NA,6898,NA,NA,NA,NA,NA,2452,NA,NA,NA
1955.4583,NA,NA,NA,NA,NA,6923,NA,NA,NA,NA,NA,2501,NA,NA,NA
1955.5417,NA,NA,NA,NA,NA,6828,NA,NA,NA,NA,NA,2446,NA,NA,NA
1955.625,NA,NA,NA,NA,NA,6892,NA,NA,NA,NA,NA,2476,NA,NA,NA
1955.7083,NA,NA,NA,NA,NA,6868,NA,NA,NA,NA,NA,2531,NA,NA,NA
1955.7917,NA,NA,NA,NA,NA,6859,NA,NA,NA,NA,NA,2513,NA,NA,NA
1955.875,NA,NA,NA,NA,NA,7026,NA,NA,NA,NA,NA,2498,NA,NA,NA
1955.9583,NA,NA,NA,NA,NA,6883,NA,NA,NA,NA,NA,2577,NA,NA,NA
1956.0417,NA,NA,NA,NA,NA,6898,NA,NA,NA,NA,NA,2434,NA,NA,NA
1956.125,NA,NA,NA,NA,NA,6539,NA,NA,NA,NA,NA,2223,NA,NA,NA
1956.2083,NA,NA,NA,NA,NA,7005,NA,NA,NA,NA,NA,2397,NA,NA,NA
1956.2917,NA,NA,NA,NA,NA,6792,NA,NA,NA,NA,NA,2309,NA,NA,NA
1956.375,NA,NA,NA,NA,NA,6822,NA,NA,NA,NA,NA,2309,NA,NA,NA
1956.4583,NA,NA,NA,NA,NA,6746,NA,NA,NA,NA,NA,2291,NA,NA,NA
1956.5417,NA,NA,NA,NA,NA,6831,NA,NA,NA,NA,NA,2397,NA,NA,NA
1956.625,NA,NA,NA,NA,NA,6865,NA,NA,NA,NA,NA,2431,NA,NA,NA
1956.7083,NA,NA,NA,NA,NA,6853,NA,NA,NA,NA,NA,2476,NA,NA,NA
1956.7917,NA,NA,NA,NA,NA,6892,NA,NA,NA,NA,NA,2373,NA,NA,NA
1956.875,NA,NA,NA,NA,NA,6761,NA,NA,NA,NA,NA,2318,NA,NA,NA
1956.9583,NA,NA,NA,NA,NA,6843,NA,NA,NA,NA,NA,2464,NA,NA,NA
1957.0417,NA,NA,NA,NA,NA,6971,NA,NA,NA,NA,NA,2358,NA,NA,NA
1957.125,NA,NA,NA,NA,NA,7109,NA,NA,NA,NA,NA,2521,NA,NA,NA
1957.2083,NA,NA,NA,NA,NA,7142,NA,NA,NA,NA,NA,2475,NA,NA,NA
1957.2917,NA,NA,NA,NA,NA,6734,NA,NA,NA,NA,NA,2223,NA,NA,NA
1957.375,NA,NA,NA,NA,NA,6914,NA,NA,NA,NA,NA,2336,NA,NA,NA
1957.4583,NA,NA,NA,NA,NA,6807,NA,NA,NA,NA,NA,2326,NA,NA,NA
1957.5417,NA,NA,NA,NA,NA,6921,NA,NA,NA,NA,NA,2374,NA,NA,NA
1957.625,NA,NA,NA,NA,NA,6941,NA,NA,NA,NA,NA,2423,NA,NA,NA
1957.7083,NA,NA,NA,NA,NA,6895,NA,NA,NA,NA,NA,2441,NA,NA,NA
1957.7917,NA,NA,NA,NA,NA,6853,NA,NA,NA,NA,NA,2457,NA,NA,NA
1957.875,NA,NA,NA,NA,NA,6959,NA,NA,NA,NA,NA,2460,NA,NA,NA
1957.9583,NA,NA,NA,NA,NA,7051,NA,NA,NA,NA,NA,2501,NA,NA,NA
1958.0417,NA,NA,NA,NA,NA,7029,NA,NA,NA,NA,NA,2478,NA,NA,NA
1958.125,NA,NA,NA,NA,NA,7011,NA,NA,NA,NA,NA,2502,NA,NA,NA
1958.2083,NA,NA,NA,NA,NA,6984,NA,NA,NA,NA,NA,2460,NA,NA,NA
1958.2917,NA,NA,NA,NA,NA,6587,NA,NA,NA,NA,NA,2329,NA,NA,NA
1958.375,NA,NA,NA,NA,NA,6840,NA,NA,NA,NA,NA,2434,NA,NA,NA
1958.4583,NA,NA,NA,NA,NA,6859,NA,NA,NA,NA,NA,2454,NA,NA,NA
1958.5417,NA,NA,NA,NA,NA,6657,NA,NA,NA,NA,NA,2455,NA,NA,NA
1958.625,NA,NA,NA,NA,NA,6901,NA,NA,NA,NA,NA,2478,NA,NA,NA
1958.7083,NA,NA,NA,NA,NA,6938,NA,NA,NA,NA,NA,2502,NA,NA,NA
1958.7917,NA,NA,NA,NA,NA,6987,NA,NA,NA,NA,NA,2444,NA,NA,NA
1958.875,NA,NA,NA,NA,NA,6831,NA,NA,NA,NA,NA,2374,NA,NA,NA
1958.9583,NA,NA,NA,NA,NA,6981,NA,NA,NA,NA,NA,2595,NA,NA,NA
1959.0417,NA,NA,NA,NA,NA,7000,NA,NA,NA,NA,NA,2466,NA,NA,NA
1959.125,NA,NA,NA,NA,NA,6667,NA,NA,NA,NA,NA,2305,NA,NA,NA
1959.2083,NA,NA,NA,NA,NA,6884,NA,NA,NA,NA,NA,2495,NA,NA,NA
1959.2917,NA,NA,NA,NA,NA,6675,NA,NA,NA,NA,NA,2441,NA,NA,NA
1959.375,NA,NA,NA,NA,NA,6824,NA,NA,NA,NA,NA,2343,NA,NA,NA
1959.4583,NA,NA,NA,NA,NA,6879,NA,NA,NA,NA,NA,2408,NA,NA,NA
1959.5417,NA,NA,NA,NA,NA,6911,NA,NA,NA,NA,NA,2413,NA,NA,NA
1959.625,NA,NA,NA,NA,NA,6866,NA,NA,NA,NA,NA,2380,NA,NA,NA
1959.7083,NA,NA,NA,NA,NA,6908,NA,NA,NA,NA,NA,2373,NA,NA,NA
1959.7917,NA,NA,NA,NA,NA,7006,NA,NA,NA,NA,NA,2513,NA,NA,NA
1959.875,NA,NA,NA,NA,NA,7061,NA,NA,NA,NA,NA,2615,NA,NA,NA
1959.9583,NA,NA,NA,NA,NA,7023,NA,NA,NA,NA,NA,2639,NA,NA,NA
1960.0417,NA,NA,NA,NA,NA,6988,NA,NA,NA,NA,NA,2462,NA,NA,NA
1960.125,NA,NA,NA,NA,NA,7061,6953,NA,NA,NA,NA,2551,NA,NA,NA
1960.2083,NA,NA,NA,NA,NA,7018,6829,NA,NA,NA,NA,2477,NA,NA,NA
1960.2917,NA,NA,NA,NA,NA,6906,6816,NA,NA,NA,NA,2357,NA,NA,NA
1960.375,NA,NA,NA,NA,NA,6930,6801,NA,NA,NA,NA,2404,NA,NA,NA
1960.4583,NA,NA,NA,NA,NA,6921,6844,NA,NA,NA,NA,2388,NA,NA,NA
1960.5417,NA,NA,NA,NA,NA,6991,6987,NA,NA,NA,NA,2505,NA,NA,NA
1960.625,NA,NA,NA,NA,NA,7003,NA,NA,NA,NA,NA,2504,NA,NA,NA
1960.7083,NA,NA,NA,NA,NA,7015,NA,NA,NA,NA,NA,2463,NA,NA,NA
1960.7917,NA,NA,NA,NA,NA,7156,NA,NA,NA,NA,NA,2623,NA,NA,NA
1960.875,NA,NA,NA,NA,NA,7250,NA,NA,NA,NA,NA,2714,NA,NA,NA
1960.9583,NA,NA,NA,NA,NA,7012,NA,NA,NA,NA,NA,2504,NA,NA,NA
1961.0417,NA,NA,NA,NA,NA,7000,NA,NA,NA,NA,NA,2479,NA,NA,NA
1961.125,NA,NA,NA,NA,NA,6970,NA,NA,NA,NA,NA,2515,NA,NA,NA
1961.2083,NA,NA,NA,NA,NA,6872,NA,NA,NA,NA,NA,2383,NA,NA,NA
1961.2917,NA,NA,NA,NA,NA,7022,NA,NA,NA,NA,NA,2518,NA,NA,NA
1961.375,NA,NA,NA,NA,NA,6958,NA,NA,NA,NA,NA,2458,NA,NA,NA
1961.4583,NA,NA,NA,NA,NA,6961,6926,NA,NA,NA,NA,2433,NA,NA,NA
1961.5417,NA,NA,NA,NA,NA,6903,6917,NA,NA,NA,NA,2408,NA,NA,NA
1961.625,NA,NA,NA,NA,NA,6964,6947,NA,NA,NA,NA,2466,NA,NA,NA
1961.7083,NA,NA,NA,NA,NA,7079,7042,NA,NA,NA,NA,2557,NA,NA,NA
1961.7917,NA,NA,NA,NA,NA,7092,7103,NA,NA,NA,NA,2594,NA,NA,NA
1961.875,NA,NA,NA,NA,NA,6997,6996,NA,NA,NA,NA,2514,NA,NA,NA
1961.9583,NA,NA,NA,NA,NA,7079,7030,NA,NA,NA,NA,2600,NA,NA,NA
1962.0417,NA,NA,NA,NA,NA,7058,7100,NA,NA,NA,NA,2567,NA,NA,NA
1962.125,NA,NA,NA,NA,NA,6668,6768,NA,NA,NA,NA,2302,NA,NA,NA
1962.2083,NA,NA,NA,NA,NA,6933,6914,NA,NA,NA,NA,2383,NA,NA,NA
1962.2917,NA,NA,NA,NA,NA,6842,6838,NA,NA,NA,NA,2255,NA,NA,NA
1962.375,NA,NA,NA,NA,NA,6826,6868,NA,NA,NA,NA,2284,NA,NA,NA
1962.4583,NA,NA,NA,NA,NA,6869,6865,NA,NA,NA,NA,2354,NA,NA,NA
1962.5417,NA,NA,NA,NA,NA,6915,6850,NA,NA,NA,NA,2384,NA,NA,NA
1962.625,NA,NA,NA,NA,NA,6982,6978,NA,NA,NA,NA,2422,NA,NA,NA
1962.7083,NA,NA,NA,NA,NA,7101,6993,NA,NA,NA,NA,2461,NA,NA,NA
1962.7917,NA,NA,NA,NA,NA,7009,6947,NA,NA,NA,NA,2499,NA,NA,NA
1962.875,NA,NA,NA,NA,NA,7006,6871,NA,NA,NA,NA,2464,NA,NA,NA
1962.9583,NA,NA,NA,NA,NA,6973,6896,NA,NA,NA,NA,2426,NA,NA,NA
1963.0417,NA,NA,NA,NA,NA,6881,6749,NA,NA,NA,NA,2392,NA,NA,NA
1963.125,NA,NA,NA,NA,NA,7009,6810,NA,NA,NA,NA,2480,NA,NA,NA
1963.2083,NA,NA,NA,NA,NA,7031,6947,NA,NA,NA,NA,2483,NA,NA,NA
1963.2917,NA,NA,NA,NA,NA,6936,6807,NA,NA,NA,NA,2461,NA,NA,NA
1963.375,NA,NA,NA,NA,NA,6869,6780,NA,NA,NA,NA,2357,NA,NA,NA
1963.4583,NA,NA,NA,NA,NA,6961,6880,NA,NA,NA,NA,2459,NA,NA,NA
1963.5417,NA,NA,NA,NA,NA,6912,6874,NA,NA,NA,NA,2433,NA,NA,NA
1963.625,NA,NA,NA,NA,NA,6970,6932,NA,NA,NA,NA,2413,NA,NA,NA
1963.7083,NA,NA,NA,NA,NA,6951,6905,NA,NA,NA,NA,2324,NA,NA,NA
1963.7917,NA,NA,NA,NA,NA,7022,6996,NA,NA,NA,NA,2451,NA,NA,NA
1963.875,NA,NA,NA,NA,NA,7275,7274,NA,NA,NA,NA,2696,NA,NA,NA
1963.9583,NA,NA,NA,NA,NA,6988,6908,NA,NA,NA,NA,2535,NA,NA,NA
1964.0417,NA,NA,NA,NA,NA,6881,6859,NA,NA,NA,NA,2371,NA,NA,NA
1964.125,NA,NA,NA,NA,NA,6958,6865,NA,NA,NA,NA,2431,NA,NA,NA
1964.2083,NA,NA,NA,NA,NA,6930,6789,NA,NA,NA,NA,2426,NA,NA,NA
1964.2917,NA,NA,NA,NA,NA,6912,6847,NA,NA,NA,NA,2411,NA,NA,NA
1964.375,NA,NA,NA,NA,NA,6942,6917,NA,NA,NA,NA,2472,NA,NA,NA
1964.4583,NA,NA,NA,NA,NA,6930,6888,NA,NA,NA,NA,2451,NA,NA,NA
1964.5417,NA,NA,NA,NA,NA,6890,6886,NA,NA,NA,NA,2408,NA,NA,NA
1964.625,NA,NA,NA,NA,NA,6887,6902,NA,NA,NA,NA,2416,NA,NA,NA
1964.7083,NA,NA,NA,NA,NA,6961,7051,NA,NA,NA,NA,2461,NA,NA,NA
1964.7917,NA,NA,NA,NA,NA,6915,6889,NA,NA,NA,NA,2426,NA,NA,NA
1964.875,NA,NA,NA,NA,NA,6933,6899,NA,NA,NA,NA,2428,NA,NA,NA
1964.9583,NA,NA,NA,NA,NA,6991,6929,NA,NA,NA,NA,2434,NA,NA,NA
1965.0417,NA,NA,NA,NA,NA,7000,6960,NA,NA,NA,NA,2460,NA,NA,NA
1965.125,NA,NA,NA,NA,NA,6774,6640,NA,NA,NA,NA,2256,NA,NA,NA
1965.2083,NA,NA,NA,NA,NA,6930,6792,NA,NA,NA,NA,2409,NA,NA,NA
1965.2917,NA,NA,NA,NA,NA,6847,6792,NA,NA,NA,NA,2331,NA,NA,NA
1965.375,NA,NA,NA,NA,NA,6914,6847,NA,NA,NA,NA,2410,NA,NA,NA
1965.4583,NA,NA,NA,NA,NA,6951,6926,NA,NA,NA,NA,2487,NA,NA,NA
1965.5417,NA,NA,NA,NA,NA,6963,6905,NA,NA,NA,NA,2387,NA,NA,NA
1965.625,NA,NA,NA,NA,NA,7018,6902,NA,NA,NA,NA,2408,NA,NA,NA
1965.7083,NA,NA,NA,NA,NA,7109,6938,NA,NA,NA,NA,2473,NA,NA,NA
1965.7917,NA,NA,NA,NA,NA,7146,6989,NA,NA,NA,NA,2510,NA,NA,NA
1965.875,NA,NA,NA,NA,NA,7119,6941,NA,NA,NA,NA,2543,NA,NA,NA
1965.9583,NA,NA,NA,NA,NA,7125,7040,NA,NA,NA,NA,2535,NA,NA,NA
1966.0417,NA,NA,NA,NA,NA,7073,6935,NA,NA,NA,NA,2522,NA,NA,NA
1966.125,NA,NA,NA,NA,NA,7198,7121,NA,NA,NA,NA,2684,NA,NA,NA
1966.2083,NA,NA,NA,NA,NA,6844,6862,NA,NA,NA,NA,2303,NA,NA,NA
1966.2917,NA,NA,NA,NA,NA,6966,6833,NA,NA,NA,NA,2465,NA,NA,NA
1966.375,NA,NA,NA,NA,NA,6924,6902,NA,NA,NA,NA,2428,NA,NA,NA
1966.4583,NA,NA,NA,NA,NA,6984,6900,NA,NA,NA,NA,2496,NA,NA,NA
1966.5417,NA,NA,NA,NA,NA,6930,6893,NA,NA,NA,NA,2428,NA,NA,NA
1966.625,NA,NA,NA,NA,NA,6969,6944,NA,NA,NA,NA,2474,NA,NA,NA
1966.7083,NA,NA,NA,NA,NA,7000,7013,NA,NA,NA,NA,2490,NA,NA,NA
1966.7917,NA,NA,NA,NA,NA,7064,6984,NA,NA,NA,NA,2547,NA,NA,NA
1966.875,NA,NA,NA,NA,NA,6951,6902,NA,NA,NA,NA,2386,NA,NA,NA
1966.9583,NA,NA,NA,NA,NA,6981,7021,NA,NA,NA,NA,2428,NA,NA,NA
1967.0417,NA,NA,NA,NA,NA,6933,6911,NA,NA,NA,NA,2416,NA,NA,NA
1967.125,NA,NA,NA,NA,NA,7000,6975,NA,NA,NA,NA,2484,NA,NA,NA
1967.2083,NA,NA,NA,NA,NA,6872,7010,NA,NA,NA,NA,2389,NA,NA,NA
1967.2917,NA,NA,NA,NA,NA,6704,6761,NA,NA,NA,NA,2263,NA,NA,NA
1967.375,NA,NA,NA,NA,NA,6920,7014,NA,NA,NA,NA,2474,NA,NA,NA
1967.4583,NA,NA,NA,NA,NA,6799,6896,NA,NA,NA,NA,2347,NA,NA,NA
1967.5417,NA,NA,NA,NA,NA,6829,6957,NA,NA,NA,NA,2384,NA,NA,NA
1967.625,NA,NA,NA,NA,NA,6893,7002,NA,NA,NA,NA,2426,NA,NA,NA
1967.7083,NA,NA,NA,NA,NA,6957,7078,NA,NA,NA,NA,2474,NA,NA,NA
1967.7917,NA,NA,NA,NA,NA,7116,7261,NA,NA,NA,NA,2563,NA,NA,NA
1967.875,NA,NA,NA,NA,NA,6963,6999,NA,NA,NA,NA,2426,NA,NA,NA
1967.9583,NA,NA,NA,NA,NA,6853,6929,NA,NA,NA,NA,2316,NA,NA,NA
1968.0417,NA,NA,NA,NA,NA,6908,6957,NA,NA,NA,NA,2364,NA,NA,NA
1968.125,NA,NA,NA,NA,NA,6936,6911,NA,NA,NA,7053,2425,NA,NA,NA
1968.2083,NA,NA,NA,NA,NA,6905,6963,NA,NA,NA,NA,2355,NA,NA,NA
1968.2917,NA,NA,NA,NA,NA,6930,6923,NA,NA,NA,NA,2428,NA,NA,NA
1968.375,NA,NA,NA,NA,NA,6881,6899,NA,NA,NA,NA,2391,NA,NA,NA
1968.4583,NA,NA,NA,NA,NA,6911,6946,NA,NA,NA,NA,2434,NA,NA,NA
1968.5417,NA,NA,NA,NA,NA,6863,6874,NA,NA,NA,6937,2348,NA,NA,NA
1968.625,NA,NA,NA,NA,NA,6893,6894,NA,NA,NA,6983,2391,NA,NA,NA
1968.7083,NA,NA,NA,NA,NA,7006,7045,NA,NA,NA,7151,2522,NA,NA,NA
1968.7917,NA,NA,NA,NA,NA,7106,7135,NA,NA,NA,7245,2577,NA,NA,NA
1968.875,NA,NA,NA,NA,NA,7116,7027,NA,NA,NA,7221,2620,NA,NA,NA
1968.9583,NA,NA,NA,NA,NA,7073,7027,NA,NA,NA,7166,2556,NA,NA,NA
1969.0417,NA,NA,NA,NA,NA,7104,7069,NA,NA,NA,7218,2585,NA,NA,NA
1969.125,NA,NA,NA,NA,NA,6924,6838,NA,NA,NA,6962,2429,NA,NA,NA
1969.2083,NA,NA,NA,NA,NA,6906,6819,NA,NA,NA,6971,2419,NA,NA,NA
1969.2917,NA,NA,NA,NA,NA,6833,6853,NA,NA,NA,6943,2353,NA,NA,NA
1969.375,NA,NA,NA,NA,NA,6958,6940,NA,NA,NA,7056,2486,NA,NA,NA
1969.4583,NA,NA,NA,NA,NA,6958,6953,NA,NA,NA,7090,2475,NA,NA,NA
1969.5417,NA,NA,NA,NA,NA,6866,NA,NA,NA,NA,7010,2394,NA,NA,NA
1969.625,NA,NA,NA,NA,NA,6933,NA,NA,NA,NA,7017,2445,NA,NA,NA
1969.7083,NA,NA,NA,NA,NA,6954,NA,NA,NA,NA,7041,2474,NA,NA,NA
1969.7917,NA,NA,NA,NA,NA,7015,7027,NA,NA,NA,7172,2558,NA,NA,NA
1969.875,NA,NA,NA,NA,NA,7083,7155,NA,NA,NA,7166,2493,NA,NA,NA
1969.9583,NA,NA,NA,NA,NA,6927,NA,NA,NA,NA,7010,2351,NA,NA,NA
1970.0417,NA,NA,NA,NA,NA,7131,NA,NA,NA,NA,7218,2543,NA,NA,NA
1970.125,NA,NA,NA,NA,NA,6930,NA,NA,NA,NA,7053,2306,NA,NA,NA
1970.2083,NA,NA,NA,NA,NA,6805,NA,NA,NA,NA,6895,2215,NA,NA,NA
1970.2917,NA,NA,NA,NA,NA,6860,NA,NA,NA,NA,6971,2286,NA,NA,NA
1970.375,NA,NA,NA,NA,NA,6884,NA,NA,NA,NA,6974,2315,NA,NA,NA
1970.4583,NA,NA,NA,NA,NA,6951,NA,NA,NA,NA,7014,2427,NA,NA,NA
1970.5417,NA,NA,NA,NA,NA,6958,NA,NA,NA,NA,7047,2418,NA,NA,NA
1970.625,NA,NA,NA,NA,NA,6970,NA,NA,NA,NA,7020,2415,NA,NA,NA
1970.7083,NA,NA,NA,NA,NA,7037,NA,NA,NA,NA,7154,2480,NA,NA,NA
1970.7917,NA,NA,NA,NA,NA,6994,NA,NA,NA,NA,7108,2413,NA,NA,NA
1970.875,NA,NA,NA,NA,NA,7153,NA,NA,NA,NA,7233,2561,NA,NA,NA
1970.9583,NA,NA,NA,NA,NA,6933,NA,NA,NA,NA,6995,2371,NA,NA,NA
1971.0417,NA,NA,NA,NA,NA,7168,NA,NA,NA,NA,7288,2572,NA,NA,NA
1971.125,NA,NA,NA,NA,NA,6921,NA,NA,NA,NA,7044,2367,NA,NA,NA
1971.2083,NA,NA,NA,NA,NA,6887,NA,NA,NA,NA,6931,2328,NA,NA,NA
1971.2917,NA,NA,NA,NA,NA,6884,NA,NA,NA,NA,6959,2395,NA,NA,NA
1971.375,NA,NA,NA,NA,NA,6951,6908,NA,NA,NA,7035,2452,NA,NA,NA
1971.4583,NA,NA,NA,NA,NA,6936,6889,NA,NA,NA,6986,2437,NA,NA,NA
1971.5417,NA,NA,NA,NA,NA,6897,6853,NA,NA,NA,6953,2410,NA,NA,NA
1971.625,NA,NA,NA,NA,NA,6982,6947,NA,NA,NA,7035,2476,NA,NA,NA
1971.7083,NA,NA,NA,NA,NA,6906,6853,NA,NA,NA,6989,2425,NA,NA,NA
1971.7917,NA,NA,NA,NA,NA,7006,6993,NA,NA,NA,7151,2489,NA,NA,NA
1971.875,NA,NA,NA,NA,NA,6927,6893,NA,NA,NA,7014,2390,NA,NA,NA
1971.9583,NA,NA,NA,NA,NA,6958,6908,NA,NA,NA,7044,2428,NA,NA,NA
1972.0417,NA,NA,NA,NA,NA,NA,6984,NA,NA,NA,7105,2433,NA,NA,NA
1972.125,NA,NA,NA,NA,NA,NA,6941,NA,NA,NA,7103,2532,NA,NA,NA
1972.2083,NA,NA,NA,NA,NA,NA,6908,NA,NA,NA,7013,2429,NA,NA,NA
1972.2917,NA,NA,NA,NA,NA,NA,6963,NA,NA,NA,7003,2384,NA,NA,NA
1972.375,NA,NA,NA,NA,NA,NA,6787,NA,NA,NA,7073,2420,NA,NA,NA
1972.4583,NA,NA,NA,NA,NA,NA,NA,NA,NA,NA,7105,2460,NA,NA,NA
1972.5417,NA,NA,NA,NA,NA,NA,NA,NA,NA,NA,6993,2389,NA,NA,NA
1972.625,NA,NA,NA,NA,NA,NA,NA,NA,NA,NA,6971,2374,NA,NA,NA
1972.7083,NA,NA,NA,NA,NA,NA,NA,NA,NA,NA,6970,2397,NA,NA,NA
1972.7917,NA,NA,NA,NA,NA,NA,NA,NA,NA,NA,7093,2487,NA,NA,NA
1972.875,NA,NA,NA,NA,NA,NA,NA,NA,NA,NA,7160,2470,NA,NA,NA
1972.9583,NA,NA,NA,NA,NA,NA,NA,NA,NA,NA,7304,2595,NA,NA,NA
1973.0417,NA,NA,NA,NA,NA,NA,NA,NA,NA,NA,7096,2428,NA,NA,NA
1973.125,NA,NA,NA,NA,NA,NA,NA,NA,NA,NA,7013,2328,NA,NA,NA
1973.2083,NA,NA,NA,NA,NA,NA,NA,NA,NA,NA,6962,2353,NA,NA,NA
1973.2917,NA,NA,NA,NA,NA,NA,NA,NA,NA,NA,6860,2290,NA,NA,NA
1973.375,NA,NA,NA,NA,NA,NA,NA,NA,NA,NA,7015,2444,NA,NA,NA
1973.4583,NA,NA,NA,NA,NA,NA,NA,NA,NA,NA,6979,2371,NA,NA,NA
1973.5417,NA,NA,NA,NA,NA,NA,NA,NA,NA,NA,7016,2414,NA,NA,NA
1973.625,NA,NA,NA,NA,NA,NA,NA,NA,NA,NA,7007,2393,NA,NA,NA
1973.7083,NA,NA,NA,NA,NA,NA,NA,NA,NA,NA,7042,2461,NA,NA,NA
1973.7917,NA,NA,NA,NA,NA,NA,NA,NA,NA,NA,6993,2425,NA,NA,NA
1973.875,NA,NA,NA,NA,NA,NA,NA,NA,NA,NA,7054,2464,NA,NA,NA
1973.9583,NA,NA,NA,NA,NA,NA,NA,NA,NA,NA,7079,2458,NA,NA,NA
1974.0417,NA,NA,NA,NA,NA,NA,7144,NA,NA,NA,7395,2657,NA,NA,NA
1974.125,NA,NA,NA,NA,NA,NA,6873,NA,NA,NA,7132,2481,NA,NA,NA
1974.2083,NA,NA,NA,NA,NA,NA,6653,NA,NA,NA,6929,2359,NA,NA,NA
1974.2917,NA,NA,NA,NA,NA,NA,6615,NA,NA,NA,6837,2421,NA,NA,NA
1974.375,NA,NA,NA,NA,NA,NA,6758,NA,NA,NA,6972,2404,NA,NA,NA
1974.4583,NA,NA,NA,NA,NA,NA,NA,NA,NA,NA,6970,2416,NA,NA,NA
1974.5417,NA,NA,NA,NA,NA,NA,NA,NA,NA,NA,7010,2419,NA,NA,NA
1974.625,NA,NA,NA,NA,NA,NA,6827,NA,NA,NA,7031,2432,NA,NA,NA
1974.7083,NA,NA,NA,NA,NA,NA,6950,NA,NA,NA,7098,2489,NA,NA,NA
1974.7917,NA,NA,NA,NA,NA,NA,6706,NA,NA,NA,6860,2312,NA,NA,NA
1974.875,NA,NA,NA,NA,NA,NA,6989,NA,NA,NA,7138,2520,NA,NA,NA
1974.9583,NA,NA,NA,NA,NA,NA,7062,NA,NA,NA,7197,2419,NA,NA,NA
1975.0417,NA,NA,NA,NA,NA,NA,NA,NA,NA,NA,7279,2555,NA,NA,NA
1975.125,NA,NA,NA,NA,NA,NA,NA,NA,NA,NA,7014,2422,NA,NA,NA
1975.2083,NA,NA,NA,NA,NA,NA,NA,NA,NA,NA,6924,2345,NA,NA,NA
1975.2917,NA,NA,NA,NA,NA,NA,6782,NA,NA,NA,6883,2315,NA,NA,NA
1975.375,NA,NA,NA,NA,NA,NA,6696,NA,NA,NA,6815,2293,NA,NA,NA
1975.4583,NA,NA,NA,NA,NA,NA,6692,NA,NA,NA,6901,2328,NA,NA,NA
1975.5417,NA,NA,NA,NA,NA,NA,6791,NA,NA,NA,6988,2399,NA,NA,NA
1975.625,NA,NA,NA,NA,NA,NA,6723,NA,NA,NA,6956,2356,NA,NA,NA
1975.7083,NA,NA,NA,NA,NA,NA,6867,NA,NA,NA,7092,2434,NA,NA,NA
1975.7917,NA,NA,NA,NA,NA,NA,6987,NA,NA,NA,7072,2455,NA,NA,NA
1975.875,NA,NA,NA,NA,NA,NA,6923,NA,NA,NA,7020,2421,NA,NA,NA
1975.9583,NA,NA,NA,NA,NA,NA,6852,NA,NA,NA,6897,2298,NA,NA,NA
1976.0417,NA,NA,NA,NA,NA,NA,6982,NA,NA,NA,7030,2368,NA,NA,NA
1976.125,NA,NA,NA,NA,NA,NA,6888,NA,NA,NA,6992,2363,NA,NA,NA
1976.2083,NA,NA,NA,NA,NA,NA,6863,NA,NA,NA,6983,2344,NA,NA,NA
1976.2917,NA,NA,NA,NA,NA,NA,6752,NA,NA,NA,6832,2238,NA,NA,NA
1976.375,NA,NA,NA,NA,NA,NA,6854,NA,NA,NA,6984,2340,NA,NA,NA
1976.4583,NA,NA,NA,NA,NA,NA,6852,NA,NA,NA,6962,2323,NA,NA,NA
1976.5417,NA,NA,NA,NA,NA,NA,NA,NA,NA,NA,6950,2349,NA,NA,NA
1976.625,NA,NA,NA,NA,NA,NA,6785,NA,NA,NA,6894,2320,NA,NA,NA
1976.7083,NA,NA,NA,NA,NA,NA,6824,NA,NA,NA,6934,2384,NA,NA,NA
1976.7917,NA,NA,NA,NA,NA,NA,7095,NA,NA,NA,7212,2604,NA,NA,NA
1976.875,NA,NA,NA,NA,NA,NA,6986,NA,NA,NA,7103,2365,NA,NA,NA
1976.9583,NA,NA,NA,NA,NA,NA,6994,NA,NA,NA,7103,2488,NA,NA,NA
1977.0417,NA,NA,NA,NA,NA,NA,6936,NA,NA,NA,NA,2452,NA,NA,NA
1977.125,NA,NA,NA,NA,NA,NA,7045,NA,NA,NA,NA,2566,NA,NA,NA
1977.2083,NA,NA,NA,NA,NA,NA,6981,NA,NA,NA,NA,2491,NA,NA,NA
1977.2917,NA,NA,NA,NA,NA,NA,6893,NA,NA,NA,NA,2307,NA,NA,NA
1977.375,NA,NA,NA,NA,NA,NA,6784,NA,NA,NA,NA,2321,NA,NA,NA
1977.4583,NA,NA,NA,NA,NA,NA,6807,NA,NA,NA,NA,2350,NA,NA,NA
1977.5417,NA,NA,NA,NA,NA,NA,6843,NA,NA,NA,NA,2351,NA,NA,NA
1977.625,NA,NA,NA,NA,NA,NA,6917,NA,NA,NA,NA,2319,NA,NA,NA
1977.7083,NA,NA,NA,NA,NA,NA,6965,NA,NA,NA,NA,2411,NA,NA,NA
1977.7917,NA,NA,NA,NA,NA,NA,7116,NA,NA,NA,NA,2544,NA,NA,NA
1977.875,NA,NA,NA,NA,NA,NA,7098,NA,NA,NA,NA,2461,NA,NA,NA
1977.9583,NA,NA,NA,NA,NA,NA,6968,NA,NA,NA,NA,2537,NA,NA,NA
1978.0417,NA,NA,NA,NA,NA,NA,6956,NA,NA,NA,NA,2337,NA,NA,NA
1978.125,NA,NA,NA,NA,NA,NA,6906,NA,NA,NA,NA,2471,NA,NA,NA
1978.2083,NA,NA,NA,NA,NA,NA,7021,NA,NA,NA,NA,2419,NA,NA,NA
1978.2917,NA,NA,NA,NA,NA,NA,6784,NA,NA,NA,NA,2340,NA,NA,NA
1978.375,NA,NA,NA,NA,NA,NA,6774,NA,NA,NA,NA,2295,NA,NA,NA
1978.4583,NA,NA,NA,NA,NA,NA,6836,NA,NA,NA,NA,2343,NA,NA,NA
1978.5417,NA,NA,NA,NA,NA,NA,6792,NA,NA,NA,NA,2329,NA,NA,NA
1978.625,NA,NA,NA,NA,NA,NA,6819,NA,NA,NA,NA,2344,NA,NA,NA
1978.7083,NA,NA,NA,NA,NA,NA,6978,NA,NA,NA,NA,2439,NA,NA,NA
1978.7917,NA,NA,NA,NA,NA,NA,6928,NA,NA,NA,NA,2328,NA,NA,NA
1978.875,NA,NA,NA,NA,NA,NA,6934,NA,NA,NA,NA,2340,NA,NA,NA
1978.9583,NA,NA,NA,NA,NA,NA,7147,NA,NA,NA,NA,2657,NA,NA,NA
1979.0417,NA,NA,NA,NA,NA,NA,6979,NA,NA,NA,NA,2472,NA,NA,NA
1979.125,NA,NA,NA,NA,NA,NA,6838,NA,NA,NA,NA,2445,NA,NA,NA
1979.2083,NA,NA,NA,NA,NA,NA,6901,NA,NA,NA,NA,2368,NA,NA,NA
1979.2917,NA,NA,NA,NA,NA,NA,6828,NA,NA,NA,NA,2308,NA,NA,NA
1979.375,NA,NA,NA,NA,NA,NA,6881,NA,NA,NA,NA,2345,NA,NA,NA
1979.4583,NA,NA,NA,NA,NA,6915,6864,NA,NA,NA,NA,2334,NA,NA,NA
1979.5417,NA,NA,NA,NA,NA,6950,6849,NA,NA,NA,NA,2337,NA,NA,NA
1979.625,NA,NA,NA,NA,NA,6987,6999,NA,NA,NA,NA,2392,NA,NA,NA
1979.7083,NA,NA,NA,NA,NA,6973,7030,NA,NA,NA,NA,2390,NA,NA,NA
1979.7917,NA,NA,NA,NA,NA,7112,7040,NA,NA,NA,NA,2511,NA,NA,NA
1979.875,NA,NA,NA,NA,NA,7051,7017,NA,NA,NA,NA,2391,NA,NA,NA
1979.9583,NA,NA,NA,NA,NA,7108,7135,NA,NA,NA,NA,2453,NA,NA,NA
1980.0417,NA,NA,NA,NA,NA,6988,6919,NA,NA,NA,NA,2409,NA,NA,NA
1980.125,NA,NA,NA,NA,NA,6965,6872,NA,NA,NA,NA,2397,NA,NA,NA
1980.2083,NA,NA,NA,NA,NA,6934,6844,NA,NA,NA,NA,2380,NA,NA,NA
1980.2917,NA,NA,NA,NA,NA,6826,6794,NA,NA,NA,NA,2284,NA,NA,NA
1980.375,NA,NA,NA,NA,NA,6908,NA,NA,NA,NA,NA,2365,NA,NA,NA
1980.4583,NA,NA,NA,NA,NA,6995,6902,NA,NA,NA,NA,2393,NA,NA,NA
1980.5417,NA,NA,NA,NA,NA,6986,6890,NA,NA,NA,NA,2356,NA,NA,NA
1980.625,NA,NA,NA,NA,NA,7008,6884,NA,NA,NA,NA,2363,NA,NA,NA
1980.7083,NA,NA,NA,NA,NA,7051,6945,NA,NA,NA,NA,2388,NA,NA,NA
1980.7917,NA,NA,NA,NA,NA,7084,6997,NA,NA,NA,NA,2398,NA,NA,NA
1980.875,NA,NA,NA,NA,NA,7041,6944,NA,NA,NA,NA,2415,NA,NA,NA
1980.9583,NA,NA,NA,NA,NA,6988,6967,NA,NA,NA,NA,2336,NA,NA,NA
1981.0417,NA,NA,NA,NA,NA,6868,6898,NA,NA,NA,NA,2189,NA,NA,NA
1981.125,NA,NA,NA,NA,NA,6954,6876,NA,NA,NA,NA,2276,NA,NA,NA
1981.2083,NA,NA,NA,NA,NA,7118,7005,NA,NA,NA,NA,2386,NA,NA,NA
1981.2917,NA,NA,NA,NA,NA,6818,NA,NA,NA,NA,NA,2197,NA,NA,NA
1981.375,NA,NA,NA,NA,NA,7054,6956,NA,NA,NA,NA,2409,NA,NA,NA
1981.4583,NA,NA,NA,NA,NA,6964,6908,NA,NA,NA,NA,2316,NA,NA,NA
1981.5417,NA,NA,NA,NA,NA,6930,6922,NA,NA,NA,NA,2290,NA,NA,NA
1981.625,NA,NA,NA,NA,NA,6935,6846,NA,NA,NA,NA,2287,NA,NA,NA
1981.7083,NA,NA,NA,NA,NA,7125,7068,NA,NA,NA,NA,2455,NA,NA,NA
1981.7917,NA,NA,NA,NA,NA,7094,7083,NA,NA,NA,NA,2394,NA,NA,NA
1981.875,NA,NA,NA,NA,NA,7065,7274,NA,NA,NA,NA,2367,NA,NA,NA
1981.9583,NA,NA,NA,NA,NA,7184,7146,NA,NA,NA,NA,2471,NA,NA,NA
1982.0417,NA,NA,NA,NA,NA,7047,6878,NA,NA,NA,NA,2417,NA,NA,NA
1982.125,NA,NA,NA,NA,NA,7056,6936,NA,NA,NA,NA,2446,NA,NA,NA
1982.2083,NA,NA,NA,NA,NA,6927,6972,NA,NA,NA,NA,2314,NA,NA,NA
1982.2917,NA,NA,NA,NA,NA,6865,6834,NA,NA,NA,NA,2267,NA,NA,NA
1982.375,NA,NA,NA,NA,NA,6923,6874,NA,NA,NA,NA,2313,NA,NA,NA
1982.4583,NA,NA,NA,NA,NA,6986,6869,NA,NA,NA,NA,2383,NA,NA,NA
1982.5417,NA,NA,NA,NA,NA,6927,6824,NA,NA,NA,NA,2329,NA,NA,NA
1982.625,NA,NA,NA,NA,NA,7007,7045,NA,NA,NA,NA,2381,NA,NA,NA
1982.7083,NA,NA,NA,NA,NA,7084,7114,NA,NA,NA,NA,2517,NA,NA,NA
1982.7917,NA,NA,NA,NA,NA,7139,7150,NA,NA,NA,NA,2569,NA,NA,NA
1982.875,NA,NA,NA,NA,NA,7181,7240,NA,NA,NA,NA,2569,NA,NA,NA
1982.9583,NA,NA,NA,NA,NA,7098,7142,NA,NA,NA,NA,2497,NA,NA,NA
1983.0417,NA,NA,NA,NA,NA,7056,7225,NA,NA,NA,NA,2460,NA,NA,NA
1983.125,NA,NA,NA,NA,NA,6878,6733,NA,NA,NA,NA,2303,NA,NA,NA
1983.2083,NA,NA,NA,NA,NA,6936,6930,NA,NA,NA,NA,2343,NA,NA,NA
1983.2917,NA,NA,NA,NA,NA,6992,6908,NA,NA,NA,NA,2307,NA,NA,NA
1983.375,NA,NA,NA,NA,NA,7078,7005,NA,NA,NA,NA,2497,NA,NA,NA
1983.4583,NA,NA,NA,NA,NA,6909,6850,NA,NA,NA,NA,2332,NA,NA,NA
1983.5417,NA,NA,NA,NA,NA,6929,6864,NA,NA,NA,NA,2186,NA,NA,NA
1983.625,NA,NA,NA,NA,NA,6912,6836,NA,NA,NA,NA,2321,NA,NA,NA
1983.7083,NA,NA,NA,NA,NA,7063,7039,NA,NA,NA,NA,2426,NA,NA,NA
1983.7917,NA,NA,NA,NA,NA,7162,7176,NA,NA,NA,NA,2553,NA,NA,NA
1983.875,NA,NA,NA,NA,NA,7102,7027,NA,NA,NA,NA,2491,NA,NA,NA
1983.9583,NA,NA,NA,NA,NA,7172,7135,NA,NA,NA,NA,2568,NA,NA,NA
1984.0417,NA,NA,NA,NA,NA,7081,7155,NA,NA,NA,7010,2415,NA,NA,NA
1984.125,NA,NA,NA,NA,NA,6907,6875,NA,NA,NA,6810,2294,NA,NA,NA
1984.2083,NA,NA,NA,NA,NA,6885,6822,NA,NA,NA,6749,2303,NA,NA,NA
1984.2917,NA,NA,NA,NA,NA,6903,6871,NA,NA,NA,6811,2299,NA,NA,NA
1984.375,NA,NA,NA,NA,NA,6940,6858,NA,NA,NA,NA,2324,NA,NA,NA
1984.4583,NA,NA,NA,NA,NA,6918,6909,NA,NA,NA,NA,2321,NA,NA,NA
1984.5417,NA,NA,NA,NA,NA,6931,6913,NA,NA,NA,6803,2353,NA,NA,NA
1984.625,NA,NA,NA,NA,NA,6934,6908,NA,NA,NA,6780,2370,NA,NA,NA
1984.7083,NA,NA,NA,NA,NA,7002,7003,NA,NA,NA,6879,2404,NA,NA,NA
1984.7917,NA,NA,NA,NA,NA,7120,7115,NA,NA,NA,7048,2401,NA,NA,NA
1984.875,NA,NA,NA,NA,NA,7236,7204,NA,NA,NA,7134,2645,NA,NA,NA
1984.9583,NA,NA,NA,NA,NA,7058,6997,NA,NA,NA,6980,2467,NA,NA,NA
1985.0417,NA,NA,NA,NA,NA,7009,6905,NA,NA,NA,NA,2440,NA,NA,NA
1985.125,NA,NA,NA,NA,NA,6964,6832,NA,NA,NA,NA,2467,NA,NA,NA
1985.2083,NA,NA,NA,NA,NA,6946,6861,NA,NA,NA,NA,2397,NA,NA,NA
1985.2917,NA,NA,NA,NA,NA,6957,6923,NA,NA,NA,7023,2397,NA,NA,NA
1985.375,NA,NA,NA,NA,NA,6929,6851,NA,NA,NA,6958,2356,NA,NA,NA
1985.4583,NA,NA,NA,NA,NA,6964,6912,NA,NA,NA,7006,2382,NA,NA,NA
1985.5417,NA,NA,NA,NA,NA,6979,6941,NA,NA,NA,7052,2425,NA,NA,NA
1985.625,NA,NA,NA,NA,NA,7072,7052,NA,NA,NA,7171,2537,NA,NA,NA
1985.7083,NA,NA,NA,NA,NA,6981,6783,NA,NA,NA,7077,2460,NA,NA,NA
1985.7917,NA,NA,NA,NA,NA,6983,6845,NA,NA,NA,6963,2455,NA,NA,NA
1985.875,NA,NA,NA,NA,NA,7040,6859,NA,NA,NA,7088,2466,NA,NA,NA
1985.9583,NA,NA,NA,NA,NA,7155,7059,NA,NA,NA,7270,2613,NA,NA,NA
1986.0417,NA,NA,NA,NA,NA,7021,7007,NA,NA,NA,7112,2470,NA,NA,NA
1986.125,NA,NA,NA,NA,NA,6869,6732,NA,NA,NA,6898,2430,NA,NA,NA
1986.2083,NA,NA,NA,NA,NA,6975,6997,NA,NA,NA,7117,2440,NA,NA,NA
1986.2917,NA,NA,NA,NA,NA,6889,6843,NA,NA,NA,6916,2300,NA,NA,NA
1986.375,NA,NA,NA,NA,NA,7017,7061,NA,NA,NA,7141,2460,NA,NA,NA
1986.4583,NA,NA,NA,NA,NA,6926,6886,NA,NA,NA,6965,2410,NA,NA,NA
1986.5417,NA,NA,NA,NA,NA,6960,6952,NA,NA,NA,7033,2470,NA,NA,NA
1986.625,NA,NA,NA,NA,NA,6975,6930,NA,NA,NA,7001,2460,NA,NA,NA
1986.7083,NA,NA,NA,NA,NA,6916,6876,NA,NA,NA,6974,2390,NA,NA,NA
1986.7917,NA,NA,NA,NA,NA,7058,7076,NA,NA,NA,7169,2530,NA,NA,NA
1986.875,NA,NA,NA,NA,NA,7105,7148,NA,NA,NA,7254,2560,NA,NA,NA
1986.9583,NA,NA,NA,NA,NA,7102,7169,NA,NA,NA,7223,2530,NA,NA,NA
1987.0417,NA,NA,NA,NA,NA,6904,6813,NA,NA,NA,6989,2410,NA,NA,NA
1987.125,NA,7039,NA,NA,NA,6983,6969,NA,NA,NA,7051,2500,NA,NA,NA
1987.2083,NA,7022,NA,NA,NA,6946,6926,NA,NA,NA,7021,2410,NA,NA,NA
1987.2917,NA,7048,NA,NA,NA,6965,6920,NA,NA,NA,7006,2465,NA,NA,NA
1987.375,NA,6937,NA,NA,NA,6855,6815,NA,NA,NA,6895,2315,NA,NA,NA
1987.4583,NA,7037,NA,NA,NA,NA,6936,NA,NA,NA,6999,2480,NA,NA,NA
1987.5417,NA,7028,NA,NA,NA,6956,6925,NA,NA,NA,6999,2415,NA,NA,NA
1987.625,NA,7035,NA,NA,NA,6979,6941,NA,NA,NA,7021,2460,NA,NA,NA
1987.7083,NA,7116,NA,NA,NA,7087,7069,NA,NA,NA,7183,2565,NA,NA,NA
1987.7917,NA,7242,NA,NA,NA,7185,7151,NA,NA,NA,7253,2645,NA,NA,NA
1987.875,NA,7067,NA,NA,NA,7032,7002,NA,NA,NA,7090,2510,NA,NA,NA
1987.9583,NA,7229,NA,NA,NA,7144,7056,NA,NA,NA,7218,2640,NA,NA,NA
1988.0417,NA,NA,NA,NA,NA,7197,7168,NA,NA,NA,7295,2655,NA,NA,NA
1988.125,NA,NA,NA,NA,NA,6994,7028,NA,NA,NA,7096,2490,NA,NA,NA
1988.2083,NA,NA,NA,NA,NA,6935,6918,NA,NA,NA,7023,2430,NA,NA,NA
1988.2917,NA,7003,NA,NA,NA,6909,6830,NA,NA,NA,6966,2600,NA,NA,NA
1988.375,NA,7065,NA,NA,NA,6987,6904,NA,NA,NA,7025,2470,NA,NA,NA
1988.4583,NA,7061,NA,NA,NA,6929,6855,NA,NA,NA,6964,2445,NA,NA,NA
1988.5417,NA,7125,NA,NA,NA,7054,7028,NA,NA,NA,7130,2560,NA,NA,NA
1988.625,NA,7093,NA,NA,NA,7031,7008,NA,6987,NA,7127,2505,NA,NA,NA
1988.7083,NA,7007,NA,NA,NA,7015,6991,NA,6968,NA,7099,2490,NA,NA,NA
1988.7917,NA,7153,NA,NA,NA,7106,7035,NA,7072,NA,7166,2580,NA,NA,NA
1988.875,NA,7117,NA,NA,NA,7083,6995,NA,7049,NA,7152,2585,NA,NA,NA
1988.9583,NA,6984,NA,NA,NA,7001,6985,NA,6934,NA,7116,2475,NA,NA,NA
1989.0417,NA,NA,NA,NA,NA,7044,7030,NA,6959,NA,7208,2475,NA,NA,NA
1989.125,NA,NA,NA,NA,NA,7107,7138,NA,7022,NA,7268,2545,NA,NA,NA
1989.2083,NA,NA,NA,NA,NA,7071,7058,NA,7004,NA,7182,2485,NA,NA,NA
1989.2917,NA,NA,NA,NA,NA,NA,6851,NA,6937,NA,6961,2425,NA,NA,NA
1989.375,NA,NA,NA,NA,NA,6913,6839,NA,6898,NA,6955,2415,NA,NA,NA
1989.4583,NA,NA,NA,NA,NA,6938,6868,NA,6918,NA,6974,2340,NA,NA,NA
1989.5417,NA,NA,NA,NA,NA,6910,6844,NA,6885,NA,6930,NA,NA,NA,NA
1989.625,NA,NA,NA,NA,NA,7036,7009,NA,6984,NA,7121,2515,NA,NA,NA
1989.7083,NA,NA,NA,NA,NA,6982,6907,NA,6948,NA,7038,2430,NA,NA,NA
1989.7917,NA,NA,NA,NA,NA,7095,7054,NA,7044,NA,7153,2550,NA,NA,NA
1989.875,NA,NA,NA,NA,NA,7152,7047,NA,7125,NA,7180,2475,NA,NA,NA
1989.9583,NA,7489,NA,NA,NA,7279,7153,NA,7231,NA,7287,2750,NA,NA,NA
1990.0417,NA,7242,NA,NA,NA,7180,7149,NA,7101,NA,7273,2635,NA,NA,NA
1990.125,NA,7308,NA,NA,NA,7280,7365,NA,7185,NA,NA,2745,NA,NA,NA
1990.2083,NA,7000,NA,NA,NA,6918,6960,NA,6867,NA,7100,2410,NA,NA,NA
1990.2917,NA,6989,NA,NA,NA,6879,6837,NA,6854,NA,6946,2335,NA,NA,NA
1990.375,NA,7014,NA,NA,NA,6917,6824,NA,6897,NA,6931,2405,NA,NA,NA
1990.4583,NA,7041,NA,NA,NA,6998,6939,NA,6964,NA,7044,2465,NA,NA,NA
1990.5417,NA,6992,NA,NA,NA,6967,6909,NA,6941,NA,7008,2440,NA,NA,NA
1990.625,NA,7014,NA,NA,NA,6988,6948,NA,6947,NA,7052,2470,NA,NA,NA
1990.7083,NA,7001,NA,NA,NA,6984,6943,NA,6942,NA,7029,2440,NA,NA,NA
1990.7917,NA,7198,NA,NA,NA,7175,7121,NA,7131,NA,7226,2635,NA,NA,NA
1990.875,NA,7087,NA,NA,NA,7042,6950,NA,7019,NA,7064,NA,NA,NA,NA
1990.9583,NA,7002,NA,NA,NA,6990,6949,NA,6943,NA,7062,2450,NA,NA,NA
1991.0417,NA,NA,NA,NA,NA,7037,7007,NA,6968,NA,7155,2490,NA,NA,NA
1991.125,NA,NA,NA,NA,NA,6916,6810,NA,6888,NA,6965,2435,NA,NA,NA
1991.2083,NA,7055,NA,NA,NA,6964,6867,NA,6967,NA,7018,2460,NA,NA,NA
1991.2917,NA,6981,NA,NA,NA,6905,6821,NA,6898,NA,6983,2410,NA,NA,NA
1991.375,NA,6837,NA,NA,NA,6762,6668,NA,6762,NA,6799,2275,NA,NA,NA
1991.4583,NA,7066,NA,NA,NA,7006,6941,NA,6981,NA,7055,2520,NA,NA,NA
1991.5417,NA,7049,NA,NA,NA,6984,6900,NA,6966,NA,7064,2450,NA,NA,NA
1991.625,NA,7005,NA,NA,NA,6954,6881,NA,6930,NA,7018,2350,NA,NA,NA
1991.7083,NA,7080,NA,7053,NA,7022,6937,NA,7003,NA,7080,2420,NA,NA,NA
1991.7917,NA,7085,NA,7103,NA,NA,6972,NA,6974,NA,7094,2430,NA,NA,NA
1991.875,NA,7129,NA,7173,NA,NA,7071,NA,7059,7084,7201,2470,NA,NA,NA
1991.9583,NA,6989,NA,7016,NA,NA,6931,NA,6922,6936,7056,2350,NA,NA,NA
1992.0417,NA,6947,NA,6915,NA,NA,6847,NA,6882,6872,7008,2320,NA,NA,NA
1992.125,NA,6969,NA,6991,NA,NA,6918,NA,6905,6954,7081,2340,NA,NA,NA
1992.2083,NA,6935,NA,6987,NA,NA,6867,NA,6872,6888,6986,2285,NA,NA,NA
1992.2917,NA,7006,NA,7012,NA,NA,6881,NA,6935,6932,7003,2295,NA,NA,NA
1992.375,NA,6971,NA,6955,NA,NA,6832,NA,6899,6866,6959,2305,NA,NA,NA
1992.4583,NA,6991,NA,6952,NA,NA,6812,NA,6923,NA,6926,2255,NA,NA,NA
1992.5417,NA,7025,NA,7000,7006,NA,6898,NA,6954,6958,7033,2455,NA,NA,NA
1992.625,NA,7129,NA,7095,7131,NA,7050,NA,7057,NA,7182,2505,NA,NA,NA
1992.7083,NA,7075,NA,7008,7071,NA,6976,NA,7003,7028,7115,2305,NA,NA,NA
1992.7917,NA,7048,NA,7019,7004,NA,6886,NA,6990,6941,7006,2355,NA,NA,NA
1992.875,NA,7139,NA,7196,7178,NA,7107,NA,7074,7094,7234,2395,NA,NA,NA
1992.9583,NA,7107,NA,7088,7105,NA,7009,NA,7037,7019,7164,2480,NA,NA,NA
1993.0417,NA,7140,NA,7251,7243,NA,7209,NA,7070,7157,7360,2561,NA,NA,NA
1993.125,NA,6877,NA,6874,6861,NA,6744,NA,6791,6795,6892,2247,NA,NA,NA
1993.2083,NA,6952,NA,6933,6952,NA,6832,NA,6890,6885,6995,2344,NA,NA,NA
1993.2917,NA,7073,NA,7021,7039,NA,6920,NA,6999,6990,7047,2441,NA,NA,NA
1993.375,NA,7062,NA,6953,6993,NA,6864,NA,6987,6934,6988,2443,NA,NA,NA
1993.4583,NA,7010,NA,6950,6977,NA,6862,NA,6937,6917,6989,2419,NA,NA,NA
1993.5417,NA,7009,NA,7022,6992,NA,NA,NA,6936,6946,7019,2409,NA,NA,NA
1993.625,NA,6991,NA,6975,6960,NA,6865,NA,6917,6910,6988,2357,NA,NA,NA
1993.7083,NA,7152,NA,7044,7072,NA,6923,NA,7070,7025,7066,2534,NA,NA,NA
1993.7917,NA,7124,NA,7019,7043,NA,6890,NA,7048,6988,7032,2500,NA,NA,NA
1993.875,NA,7125,NA,7058,7079,NA,6915,NA,7030,6983,7108,2476,NA,NA,NA
1993.9583,NA,7140,NA,7220,7158,NA,7110,NA,7067,7124,NA,2512,NA,NA,NA
1994.0417,NA,7093,NA,7124,7106,NA,7041,NA,7012,7051,NA,2474,NA,NA,NA
1994.125,NA,7145,NA,6965,7059,NA,6877,NA,7047,6988,7090,2529,NA,NA,NA
1994.2083,NA,7016,NA,7076,7048,NA,6998,NA,6948,7001,7141,2419,NA,NA,NA
1994.2917,NA,6950,NA,6931,6916,NA,6815,NA,6879,6874,6959,2312,NA,NA,NA
1994.375,NA,7087,NA,6967,6999,NA,6847,NA,7009,6950,7009,2467,NA,NA,NA
1994.4583,NA,6991,NA,6991,6973,NA,6881,NA,6922,6932,7015,2379,NA,NA,NA
1994.5417,NA,7004,NA,6959,6970,NA,6843,6933,6943,6915,NA,2410,NA,NA,NA
1994.625,NA,NA,NA,7026,7016,NA,6906,6987,NA,6978,7037,2378,NA,NA,NA
1994.7083,NA,7092,NA,7045,7037,NA,6912,7003,NA,7001,7048,2350,NA,NA,NA
1994.7917,NA,7152,NA,7106,7119,NA,7008,7048,7101,7069,7143,2455,NA,NA,NA
1994.875,7024,7179,NA,7142,NA,NA,7076,NA,7110,7089,7212,2508,NA,NA,NA
1994.9583,NA,7213,NA,7244,NA,NA,7212,7183,7137,7202,7324,2521,NA,NA,NA
1995.0417,NA,7151,NA,7158,NA,NA,7112,7020,7073,7115,7226,2470,NA,NA,NA
1995.125,NA,7186,NA,7203,NA,7175,7167,7125,7108,7162,7243,2472,NA,NA,NA
1995.2083,NA,7024,NA,7059,NA,6966,6987,6982,6952,6993,7087,NA,NA,NA,NA
1995.2917,6786,6946,NA,6896,NA,6847,6797,6857,6868,6850,6903,2253,NA,NA,NA
1995.375,6865,7022,NA,6970,NA,6917,6880,6949,6952,6927,7003,2324,NA,NA,NA
1995.4583,6774,6940,NA,6907,6886,6865,6814,6860,6881,6846,6892,2267,NA,NA,NA
1995.5417,NA,7070,NA,7016,7020,6990,6956,6985,6995,6961,7043,2315,NA,NA,NA
1995.625,NA,7002,6931,6946,6930,6914,6862,6909,6924,6885,6945,2247,NA,NA,NA
1995.7083,NA,7089,7005,7056,7025,7010,6954,7009,7014,6978,7033,2388,NA,NA,NA
1995.7917,NA,7203,7212,7185,NA,7167,7134,7164,7120,7125,NA,2496,NA,NA,NA
1995.875,NA,7240,7125,7131,NA,7153,7043,7159,7150,7081,NA,2489,NA,NA,NA
1995.9583,NA,7158,7056,6921,NA,7047,6893,7008,7075,6948,NA,2503,NA,NA,NA
1996.0417,NA,7321,7201,7073,NA,7202,7025,7173,7227,7112,NA,2673,NA,NA,NA
1996.125,6852,7005,6970,6940,NA,6923,6853,6899,6925,6883,NA,2364,NA,NA,NA
1996.2083,6818,7043,6917,6874,NA,6921,6788,6906,6951,6847,NA,2398,NA,NA,NA
1996.2917,NA,7032,7015,6948,NA,6948,6873,6939,6949,6901,NA,2427,NA,NA,NA
1996.375,6877,7066,6977,6975,NA,6965,6901,6958,6982,6943,NA,2471,NA,NA,NA
1996.4583,6820,6964,6930,6926,NA,6891,6859,6889,6890,6866,NA,2304,NA,NA,NA
1996.5417,6844,7006,6942,6966,NA,6924,6904,6925,6930,6913,NA,2250,NA,NA,NA
1996.625,6855,NA,6951,6979,NA,6949,6894,6950,6961,6957,6963,2321,NA,NA,NA
1996.7083,6873,7051,6966,6958,NA,6962,6868,6951,6972,6944,6976,2404,NA,NA,NA
1996.7917,7039,7169,7132,7135,NA,7110,7071,7109,7079,7105,7180,2528,NA,NA,NA
1996.875,6988,7137,7087,7112,NA,7064,7024,7102,7047,7047,7102,2454,NA,NA,NA
1996.9583,6916,7101,7004,6980,NA,7004,6843,NA,7011,6954,7020,2454,NA,NA,NA
1997.0417,6902,7076,6990,6946,NA,6978,6852,NA,6969,6936,7018,2500,NA,NA,NA
1997.125,7094,7149,7196,7201,NA,7119,7167,7146,7046,7172,7276,2480,NA,NA,NA
1997.2083,6861,NA,6972,6957,NA,6899,6910,6951,6875,6903,7001,2435,NA,NA,NA
1997.2917,6783,6951,6876,6904,NA,6860,6810,6888,6864,6871,6908,2305,NA,NA,NA
1997.375,6891,7101,6979,7010,NA,6990,6912,7028,7009,7000,7004,2305,NA,NA,NA
1997.4583,6906,7145,6979,7021,NA,7023,6910,7046,7052,7018,7011,2380,NA,NA,NA
1997.5417,6821,7004,6912,6950,NA,6913,6890,6938,6915,6920,6934,2285,NA,NA,NA
1997.625,6906,7113,7021,7015,NA,7007,6941,7017,7018,6995,7024,2430,NA,NA,NA
1997.7083,6933,7105,7027,7040,NA,7006,7019,7013,6997,7000,7059,2420,NA,NA,NA
1997.7917,7001,7257,7079,7077,NA,7085,7032,7076,7089,7056,7119,NA,NA,NA,NA
1997.875,7156,NA,7226,7216,NA,7248,7153,7229,7253,7231,7273,2515,NA,NA,NA
1997.9583,7080,7235,7166,7154,NA,NA,NA,7140,7139,7180,7182,NA,NA,NA,NA
1998.0417,7054,7188,7152,7137,NA,NA,NA,7116,7100,7167,7017,NA,NA,NA,NA
1998.125,6997,7053,7109,7087,NA,NA,NA,7031,6992,7038,7131,NA,NA,NA,NA
1998.2083,6844,6994,6932,6957,NA,NA,NA,6932,6903,6956,6975,2218,NA,NA,NA
1998.2917,6938,7106,7003,7033,NA,NA,NA,7028,7076,7063,6991,2363,NA,NA,NA
1998.375,6803,7008,6881,6923,NA,NA,NA,6897,6924,6919,6895,2223,NA,NA,NA
1998.4583,6909,7092,6993,7031,NA,NA,NA,7000,7016,7038,7016,2355,NA,NA,NA
1998.5417,6928,7077,7021,7073,NA,NA,NA,6990,7005,7042,7038,NA,NA,NA,NA
1998.625,6897,7022,7003,7015,NA,NA,NA,6929,6955,6990,7020,2303,NA,NA,NA
1998.7083,6977,7133,7064,7094,NA,NA,NA,7017,7084,7090,7082,2380,NA,NA,NA
1998.7917,6943,7207,7105,7192,NA,NA,NA,7066,7084,7153,7137,2451,NA,NA,NA
1998.875,NA,7117,7083,7055,NA,NA,NA,7016,7039,7080,7125,2363,NA,NA,NA
1998.9583,NA,NA,7048,7106,NA,NA,7057,6957,7044,7100,7183,2408,NA,NA,NA
1999.0417,NA,7204,7138,7185,NA,NA,7138,7100,7097,7171,7254,2465,NA,NA,NA
1999.125,6861,7001,6962,6995,NA,6961,6837,6929,6888,6949,6984,2242,NA,NA,NA
1999.2083,6890,7029,6984,6996,NA,6972,6944,NA,6966,6998,7019,NA,NA,NA,NA
1999.2917,6917,7061,6963,6983,NA,6976,6931,6995,6972,6994,6994,2298,NA,NA,NA
1999.375,6927,NA,6979,6991,NA,6999,6955,6988,6991,7014,7009,2294,NA,NA,NA
1999.4583,6877,7001,6935,6989,NA,6971,NA,6946,6953,6953,6969,2251,NA,NA,NA
1999.5417,6852,7043,6972,6998,NA,6975,6934,6972,6964,NA,6992,2390,NA,NA,NA
1999.625,6936,7140,7010,7051,NA,7051,NA,7036,7058,NA,7035,2453,NA,NA,NA
1999.7083,7078,7233,7166,7165,NA,7170,7156,7157,7153,7295,7208,2569,NA,NA,NA
1999.7917,7034,7187,7117,7129,NA,7127,7063,7107,7105,7129,7135,2542,NA,NA,NA
1999.875,6970,7080,7060,7089,NA,7053,7061,7038,7012,7061,7145,2412,NA,NA,NA
1999.9583,7117,7171,7158,7231,NA,7148,7124,7147,7085,7185,7212,2520,NA,NA,NA
2000.0417,6896,7009,6990,7010,NA,6969,6958,NA,6917,6982,6967,2350,NA,NA,NA
2000.125,NA,7081,7116,7142,NA,7051,7097,7066,6983,7076,7188,2462,NA,NA,NA
2000.2083,6805,6970,6907,6920,NA,6902,6871,6895,NA,6917,6942,2299,NA,NA,NA
2000.2917,6895,7099,6965,7124,NA,7036,6936,7016,7148,7052,6970,2472,NA,NA,NA
2000.375,6872,7098,6952,NA,NA,6977,6905,6982,6990,7010,6980,2412,NA,NA,NA
2000.4583,6873,7058,6961,NA,NA,6969,6929,6970,6958,6998,6994,2408,NA,NA,NA
2000.5417,6868,7086,6938,7001,NA,6975,6915,6979,6989,6993,6956,2353,NA,NA,NA
2000.625,6897,7088,6978,7015,NA,6995,6943,7014,6987,7014,7023,2406,NA,NA,NA
2000.7083,NA,7193,7087,7109,NA,7104,7058,7104,7087,7096,7125,2508,NA,NA,NA
2000.7917,NA,7227,7164,7214,NA,7165,7183,7152,7119,7207,7232,2552,NA,NA,NA
2000.875,NA,7337,7187,7262,NA,7243,7213,7191,7236,7285,7243,2625,NA,NA,NA
2000.9583,NA,NA,7297,7339,NA,7312,7260,7284,7314,7341,7374,2714,NA,NA,NA
2001.0417,NA,7196,7173,7147,NA,7166,7101,7141,7179,7171,7213,2588,NA,NA,NA
2001.125,NA,6976,6941,6947,NA,6942,6881,6899,6940,6963,6961,2355,NA,NA,NA
2001.2083,NA,7283,7100,7095,NA,7135,7014,7053,7157,7126,7144,2532,NA,NA,NA
2001.2917,NA,7067,6930,6967,NA,6945,NA,6868,6960,6957,6939,2441,NA,NA,NA
2001.375,NA,7026,6892,6920,NA,6904,6839,6836,6939,6909,6898,2339,NA,NA,NA
2001.4583,NA,7052,6934,6976,NA,6937,6886,6891,6980,6946,6940,2417,NA,NA,NA
2001.5417,NA,7111,6971,7016,NA,6990,6925,NA,NA,6990,6984,2410,NA,NA,NA
2001.625,NA,7139,7040,7052,NA,7032,6965,NA,7115,7022,7048,2416,NA,NA,NA
2001.7083,NA,7142,7016,7059,NA,7035,6971,NA,7097,7023,7021,2483,NA,NA,NA
2001.7917,NA,7337,7259,7252,NA,7263,7230,NA,7234,7247,7319,2652,NA,NA,NA
2001.875,NA,7061,6996,7006,NA,6988,6939,NA,7008,6962,7022,2382,NA,NA,NA
2001.9583,6865,7072,6991,6976,NA,7002,6925,6866,7057,6967,7007,2408,NA,NA,NA
2002.0417,7120,7251,7216,7259,NA,7192,7154,NA,7256,7188,7281,2656,NA,NA,NA
2002.125,7108,7221,7214,7349,NA,7162,7193,7079,NA,7232,7262,2564,NA,NA,NA
2002.2083,6912,7093,7017,7080,NA,6982,NA,NA,NA,7012,7097,2446,NA,NA,NA
2002.2917,6902,7096,6999,7050,NA,6978,6931,6955,7024,7010,NA,2440,NA,NA,NA
2002.375,6962,7174,7044,6926,NA,7050,7008,6905,7111,7093,7093,2474.63550080142,NA,NA,NA
2002.4583,6940,7106,7043,6972,NA,7005,6963,NA,7061,7031,7087,2408.19455791403,NA,NA,NA
2002.5417,6882,7076,NA,6922,NA,6962,6926,NA,7042,6974,NA,2423,NA,NA,NA
2002.625,6887,7079,NA,6920,NA,6964,6941,6892,7060,6983,6989,2399.05892826701,NA,NA,NA
2002.7083,6927,7129,7007,6954,NA,7009,6970,6937,7095,7027,7030,2472,NA,NA,NA
2002.7917,7018,7239,7090,7055,NA,7044,7057,7012,7171,7139,7123,2582,NA,NA,NA
2002.875,7177,7393,7250,7162,NA,7287,7198,7150,7304,7274,7316,2713,NA,NA,NA
2002.9583,7022,7276,7103,NA,NA,7073,6992,NA,7189,7099,7129,2596,NA,NA,NA
2003.0417,7000,7154,7100,6996,NA,7010,7008,NA,7095,7043,7110,2539,NA,NA,NA
2003.125,6900,7110,7002,6909,NA,6947,6907,NA,7043,6975,7039,2456,NA,NA,NA
2003.2083,6940,7149,7025,6942,NA,6978,6962,6846,7083,6985,7069,2486,NA,NA,NA
2003.2917,6915,7132,6998,6933,NA,6975,6923,6911,7079,6959,7041,2491,NA,NA,NA
2003.375,6960,7115,7052,6997,NA,6993,7152,6949,7073,NA,7098,2516,NA,NA,NA
2003.4583,6985,7157,7095,6999,NA,7026,7172,6976,7112,NA,7121,2579,NA,NA,NA
2003.5417,6966,7145,7066,6994,NA,7014,7160,6964,7103,NA,7095,2566,NA,NA,NA
2003.625,6911,7087,7012,6933,NA,6998,7093,6905,7062,NA,NA,2492,NA,NA,NA
2003.7083,6948,7087,7056,6971,NA,7038,7122,6933,7079,NA,7073,2504,1975.3430521626701,1429.1311541708467,429.34305555555557
2003.7917,6946,7123,7062,6989,NA,7063,7109,NA,7118,NA,7049,2531,2007.4401843903736,1458.9942424077944,464.01630824372756
2003.875,7118,NA,NA,7123,NA,7201,7283,NA,7217,NA,7246,2664,2101.3322459142605,1545.7675326809929,565.0270299145299
2003.9583,6977,NA,NA,7011,NA,7089,7140,6924,7105,NA,NA,2529,1990.9420992655225,1452.814792103197,438.19759595990337
2004.0417,7056,NA,7130,7113,7049,7135,7258,7004,7151,NA,7150,2582,2012.8556460904128,1480.8472594390148,468.36236562861177
2004.125,6901,NA,6968,6974,6853,6977,7071,6825,7012,NA,6961,2446,1893.7408483595166,1355.5662758800502,342.8764367816092
2004.2083,6914,7034,6992,6959,6996,7001,7083,6872,7035,NA,7002,2460,1911.161723810175,1371.9053861579337,361.7889784946237
2004.2917,6903,7045,6976,6915,6979,6989,7069,6882,7042,NA,6987,2466,1908.08636014041,1369.3924081066004,358.7157407407407
2004.375,6873,7035,6937,6911,6985,6976,7048,NA,7029,NA,6946,2447,1891.3614661874633,1354.3008476972911,340.9838709677419
2004.4583,6919,7045,6999,7181,6995,6996,7106,NA,7041,NA,6992,2481,1926.1671047383143,1386.6681742628691,378.57175925925924
2004.5417,6905,7051,6997,7142,6988,6995,7094,6982,7041,NA,6989,2476,1929.4251782817412,1389.9766548388532,382.2894265232975
2004.625,7026,7162,7082,7244,7099,7115,7201,7097,7169,NA,7088,2580,2039.5668551486774,1491.7123669025905,500.7423387096774
2004.7083,NA,7106,7095,7257,7081,7078,7228,NA,7099,NA,7113,2540,1984.9087467852057,1441.7027086574676,442.3006481481481
2004.7917,NA,7319,7175,7357,7230,7244,7345,7197,7312,NA,NA,2707,2137.6379885954925,1582.6421803627263,606.4593189964158
2004.875,NA,7039,7000,7136,6977,6979,7082,6948,7022,NA,NA,2477,1896.81123080039,1361.2109962436089,348.1858796296296
2004.9583,NA,7082,7109,7225,7061,7053,7188,7028,7066,NA,7110,2523,1944.2569662843891,1405.2068667629735,399.33418458781364
2005.0417,6941,7040,7038,7242,7033,7022,7082,6992,7028,NA,NA,2478,1903.3850395243169,1367.891334481839,355.69045698924737
2005.125,6747,6917,6824,6977,6838,6839,6780,6782,6915,NA,NA,2326,1763.0543967490778,1238.9955876326794,205.28864087301588
2005.2083,6873,7043,6950,7111,6959,NA,6915,6947,7043,7058,NA,2453,1888.6992168241745,1354.9755310987184,340.3604390681004
2005.2917,6912,7081,6987,7147,6991,NA,6932,6966,7074,7009,6999,2496,1920.6938921707053,1384.7545614977212,374.9310648148148
2005.375,6896,7063,6962,NA,6981,6992,NA,6962,7055,6994,6988,2480,1911.545770493856,1376.6395885467934,365.33203405017923
2005.4583,6912,7112,6990,NA,6983,6992,NA,6973,7051,6990,7000,2493,1931.1087700099208,1394.9717032242966,386.55861111111113
2005.5417,6907,7143,6979,NA,6983,NA,NA,6967,7064,6971,6982,2503,1930.7472501098162,1394.9473120572245,386.3910394265233
2005.625,6940,7125,7009,7168,7002,7006,6980,6990,7050,7008,7020,2513,1931.0702755189664,1395.5635238195348,386.9656018518519
2005.7083,6994,7187,7083,NA,7062,7060,7032,7037,7104,7068,7099,2564,1984.122338667016,1444.7319066088414,444.13903769841266
2005.7917,7113,7291,7153,NA,7149,7154,7093,7113,7199,7148,7182,2635,2059.521538126588,1514.4669413902113,525.2923387096774
2005.875,NA,7247,7075,NA,7099,7109,7075,7045,7154,7106,7130,2593,2014.5328552386666,1473.3607568201896,477.2297222222222
2005.9583,NA,7164,7022,7170,7021,7064,6977,6988,7085,7009,7040,2522,1935.5752342374215,1400.9661592857346,392.6978046594982
2006.0417,NA,7099,6986,7099,6967,6976,6915,6936,7016,6958,7019,2458.02526507957,1879.4637349089198,1349.6182386764726,332.69605734767026
2006.125,6818,7198,6965,7096,6947,6976,6920,6903,7067,6953,6961,2447.2286118603697,1891.3450951809111,1360.8772058371796,345.6772321428571
2006.2083,6922,7218,6970,NA,7019,7077,NA,6969,7128,7076,7032,2546.05951440537,1957.4916181519463,1422.0719375738497,416.88409498207886
2006.2917,6884,7083,NA,7182,6948,6964,NA,6916,7005,6964,7006,2463.83884758222,1894.311670390065,1364.2154870928248,349.2951388888889
2006.375,6884,7151,NA,NA,6996,7014,NA,6975,7073,7046,7006,2482.94061866234,1930.4227082953,1397.774524341905,388.27688172043014
2006.4583,6867,7089,7017,NA,6942,6961,NA,6925,7013,6941,6973,2427.29632899415,1887.974169823178,1359.0072697314977,342.9408333333334
2006.5417,6890,7124,7000,NA,6975,7000,6940,6936,7047,6990,7005,2467.16089472659,1918.0706664945537,1387.0282003289583,375.46662186379933
2006.625,6900,7128,6990,7159,6985,7012,NA,6920,7061,7012,6992,2491.24573652327,1925.51491027174,1394.2015317913767,383.6850358422939
2006.7083,7063,7279,7165,7271,7151,7173,7117,7126,7199,7172,7193,2657,2079.1590955896936,1535.9937539108432,548.8331481481481
2006.7917,NA,7388,7253,7378,7247,7287,7203,7211,7302,7258,7283,2748,2141.407347315828,1593.6195773183456,615.8703405017922
2006.875,NA,7386,7287,7430,7284,7291,7261,7235,7293,7288,7359,2758,2124.423982353549,1578.3003034126946,597.8683796296295
2006.9583,7106,7281,7199,7320,7177,7181,7176,7129,7179,7217,7227,2650,2060.64905880095,1474.3753472222222,529.6334325396825
2007.0417,7075,7214,7155,7327,7133,7118,7145,7058,7118,7179,7222,2585,2020.1635062055657,1479.825940860215,486.40443548387094
2007.125,7016,7286,7115,7216,7117,7124,7015,7061,7183,7159,7125,2618,2066.843911498558,1498.1800595238094,536.7385912698412
2007.2083,6861,7099,6981,7132,6949,6954,6894,6944,7014,NA,NA,NA,1917.359742547747,1347.4175627240143,376.48941468253963
2007.2917,6767,7043,6866,6980,6861,6868,6777,6823,6951,NA,6828,2398,1854.928292132618,1275.5815329218108,309.7038888888889
2007.375,NA,7155,7008,7132,6992,7001,6961,6955,7071,NA,7044,2515,1958.7242831541218,1392.1626344086021,414.265770609319
2007.4583,NA,7227,7015,7166,7033,7077,6981,NA,7144,NA,7022,2580,2007.6887962962965,1443.6224537037037,496.94587962962964
2007.5417,NA,7213,7056,7211,7055,7089,7042,NA,7084,7066,7089,NA,2015.0029569892474,1444.239471326165,440.4489261946779
2007.625,NA,7130,6982,7139,6973,NA,6932,6986,6970,6995,6989,2500,1948.151612903226,1383.7145593869732,395.23327294685987
2007.7083,NA,7116,6974,7149,6958,6978,6957,6971,6952,6995,6994,2488,1916.6699537037036,1371.6831896551726,393.77064814814815
2007.7917,NA,7196,7063,7190,7044,7050,7018,7054,7018,7034,7108,2578,2002.4417562724013,1444.1908602150538,465.55385304659495
2007.875,NA,7144,6999,7198,6994,7010,7006,6991,6981,7016,7032,2520,1951.9175925925927,1391.6722222222222,407.42041666666665
2007.9583,6971,7196,7110,7265,7094,7081,7109,7077,7040,NA,7165,2595,2045.0739695340503,1466.3162037037036,477.0323924731183
2008.0417,7129,7315,7222,7400,7207,7181,7247,7186,7132,7253,7299,2694,2147.296953405018,1563.971743295019,579.1582885304659
2008.125,6989,7199,7101,NA,7078,7034,7088,7052,7013,7023,7169,2582,2043.0515325670497,1445.4870689655172,448.7293103448276
2008.2083,6920,7188,7041,NA,7029,6990,7071,7005,7005,NA,7086,2518,1958.130800467972,1411.185035842294,422.94256272401435
2008.2917,6887,7184,6976,NA,6992,6984,6981,6981,7008,NA,7012,2542,1953.5161207745252,1427.8506944444443,418.2170370370371
2008.375,6857,7177,6947,7083,6957,6959,NA,6954,6996,6950,6968,2531,1936.748863950601,1396.8834325396826,400.43969534050177
2008.4583,6898,7150,6996,7160,7061,6974,NA,6993,6974,7011,7036,2525,1938.748948714769,1405.6347222222223,402.81439814814814
2008.5417,6944,7183,7029,7198,7037,7024,NA,7020,7033,7050,7065,2590,1999.693444407913,1465.9336419753085,468.4521505376344
2008.625,6992,7236,7087,7232,7089,7063,7077,7079,7066,7125,7136,2606,2033.5288190552712,1483.1854838709678,504.9985663082437
2008.7083,6933,7201,7024,7128,7019,6998,6998,7004,7011,7055,7065,2562,1989.2417670439572,1440.085648148148,457.68907407407403
2008.7917,7031,7228,7130,7286,7100,7073,7109,7076,7065,7143,7188,2623,2037.3486446398408,1509.0403225806454,509.5470430107527
2008.875,6933,7178,7042,7234,7033,7014,6991,6992,7020,7079,7090,2563,1973.3732479918638,1444.5715277777776,441.10425925925927
2008.9583,6911,7135,7007,7140,6995,6982,7013,6975,6982,6989,7056,2534,1936.3287959463596,1413.8810483870968,401.56155913978495
2009.0417,7065,7279,7169,7263,7154,7123,NA,7125,7112,7134,7250,2672,2079.2850715626764,1549.5853174603174,555.2373655913977
2009.125,6864,7121,6949,7084,6932,6921,NA,6915,6955,NA,6979,2482,1900.3311113458356,1380.421623801832,363.377628968254
2009.2083,6896,7102,6973,NA,6954,6928,NA,6936,6936,NA,7028,2474,1864.7004810134615,1371.2352150537633,325.3378136200717
2009.2917,6882,7163,6974,NA,6975,6960,NA,6962,NA,6987,7028,2533,1926.727951161816,1382.2948232323233,392.1453703703704
2009.375,6896,7136,6998,NA,6976,6962,6960,6958,NA,7021,7059,2518,1920.7990222839815,1385.7163978494625,386.0017921146953
2009.4583,6887,7178,6974,NA,6971,NA,6944,6968,NA,NA,7011,2549,1948.547280341503,1408.8967592592592,416.01435185185187
2009.5417,6986,7243,7079,NA,7074,NA,7086,7063,NA,NA,7121,2617,2024.1651111205638,1486.3795405982905,497.4023297491039
2009.625,7007,NA,7117,7226,7082,7078,7082,7064,7028,7113,7166,2616,2005.6488093307219,1483.2157258064515,477.75492831541214
2009.7083,6907,NA,7010,7177,6971,6986,6966,6955,6947,NA,7088,2522,1915.4713035849475,1403.6141203703705,381.18703703703704
2009.7917,7012,7313,7105,7271,7103,7124,7025,7084,7089,7102,7164,2656,2037.1594104717733,1524.2791218637992,512.0264336917562
2009.875,7159,7442,7271,NA,7199,7293,NA,7283,7234,7337,7362,2786,2185.438106108477,1660.194212962963,671.4152777777778
2009.9583,7099,7372,7150,7229,7161,7182,NA,7124,7170,7158,7202,2725,2100.077778485272,1588.040546594982,580.010752688172
2010.0417,6920,7166,7015,7062,6991,6987,NA,6962,7012,6995,7041,2557,1964.8956493434962,1448.029761904762,435.1353046594982
2010.125,6974,7287,7049,7177,7063,7115,6989,7062,7102,7085,7095,2634,2013.1179378418835,1506.142361111111,487.124503968254
2010.2083,NA,7175,7001,7058,6986,6997,6921,6987,6992,7018,7037,2536,1925.4664483916565,1428.8375,393.2459677419355
2010.2917,6849,7126,6949,NA,6930,6928,6886,6936,6936,6950,6992,2482,1869.5919462860363,1356.388409961686,333.49861111111113
2010.375,6802,7112,6893,7055,6892,NA,6825,6906,6922,6904,6932,2461,1844.5735617206853,1336.146953405018,306.8645833333333
2010.4583,6853,7149,6936,7100,6934,NA,NA,6951,6961,6960,6972,2508,1882.1549074074073,1375.8907407407407,356.66249999999997
2010.5417,6946,7188,7050,7175,7022,7082,NA,7024,7014,7059,7081,2579,1951.6652329749104,1433.84229390681,422.2016129032258
2010.625,6927,7183,7011,7184,7001,7091,NA,7007,7011,7050,7040,2554,1934.3007616487455,1426.5483870967741,408.85931899641577
2010.7083,6998,7231,7082,7196,7057,7143,NA,7064,7085,7119,7103,2616,1996.01875,1486.9148148148147,464.8902777777778
2010.7917,NA,7308,7157,NA,7141,7223,NA,7132,7151,NA,7205,2697,2073.3120519713266,1562.4578853046596,529.5824372759856
2010.875,7111,7338,7136,7297,7146,7227,NA,7115,7156,7217,7196,2690,2050.34625,1559.612962962963,539.2092592592592
2010.9583,6955,7207,7032,NA,7026,7110,6937,7006,7055,NA,7060,2580,1929.6681899641576,1463.9068100358422,437.4914874551971
2011.0417,6895,7168,7027,7165,7008,7051,NA,6993,NA,NA,7080,2552,1906.6527777777778,1434.725582437276,401.6272401433692
2011.125,7070,7231,7118,7217,7092,7156,NA,7060,NA,NA,7180,2625,1987.7966765873016,1494.9954594017095,484.3407738095238
2011.2083,NA,7059,6907,7119,6886,6960,NA,6876,NA,NA,6960,2436,1791.8762544802867,1335.6616379310344,289.22804659498206
2011.2917,6869,7108,6960,7082,6933,7007,NA,6921,NA,NA,7006,2494,1895.0937242798354,1375.3780092592594,343.037037037037
2011.375,6943,7144,7051,7168,7006,7090,6993,6978,NA,7029,7098,2548,1967.599641577061,1432.448476702509,402.4135304659498
2011.4583,6910,7168,7002,7149,6998,7079,6971,6997,NA,7057,7057,2547,1953.8039351851853,1419.9356481481482,401.94074074074075
2011.5417,6893,7176,6971,7140,6979,7063,NA,6981,NA,6979,7025,2537,1933.7214605734766,1404.1344086021506,393.0846774193548
2011.625,6952,7212,7037,7193,7028,7103,NA,7025,NA,NA,7089,2576,1985.650448028674,1452.6272401433691,435.2871863799283
2011.7083,7071,7250,7162,7279,NA,7181,NA,7102,NA,NA,NA,2660,2071.802314814815,1525.1324074074075,496.0143518518518
2011.7917,7063,7247,7156,7293,7147,7171,NA,7096,NA,7142,7259,2658,2069.425358422939,1527.0414094650207,504.4686379928316
2011.875,7129,NA,7218,7287,7203,NA,7087,7145,NA,NA,7281,2731,2134.6267129629628,1582.3710648148149,572.4953703703703
2011.9583,7089,NA,7187,7412,7167,NA,7188,7130,NA,NA,7267,2633,2049.5672043010754,1524.8794802867383,480.2114695340502
2012.0417,NA,NA,7034,NA,7027,NA,7009,7009,NA,NA,7105,2525,1932.2206989247313,1417.6312724014338,378.3163082437276
2012.125,6758,NA,6863,NA,6831,NA,6786,6818,NA,NA,6928,2364,1737.8268678160919,1254.4722222222222,205.11254789272033
2012.2083,6779,NA,6883,NA,6859,NA,6819,6855,NA,NA,6917,2399,1778.1462365591399,1287.5833333333333,245.26254480286738
2012.2917,NA,NA,6942,7133,6972,NA,6950,6962,NA,NA,6968,2536,1908.7635476017438,1426.4819444444443,380.9174297924298
2012.375,NA,NA,6954,7121,6968,NA,NA,6972,NA,NA,6975,2528,1913.9067730929128,1396.5331541218638,386.65860215053766
2012.4583,6960,NA,7025,7211,7059,NA,7031,7064,NA,NA,7072,2604,1990.6706660326756,1469.5708333333332,469.2841021825397
2012.5417,6932,NA,7009,7168,7019,7029,NA,7020,NA,7051,7046,2565,1944.6531906596376,1432.032258064516,420.1098397721763
2012.625,NA,NA,7098,7238,7107,7112,7111,7099,NA,7146,7150,2652,2020.197637154273,1510.314964157706,501.4263969910445
2012.7083,6995,NA,7074,7235,7059,7064,7062,7045,NA,7101,7111,2605,1979.3754981413458,1479.6402777777778,457.8361111111111
2012.7917,7062,NA,7127,7296,7149,7162,7134,7134,NA,NA,7177,2711,2068.4701285556057,1565.3732078853047,553.6899641577061
2012.875,7090,NA,7163,7308,7159,7162,7140,7138,NA,NA,7228,2731,2067.987306362893,1603.0666666666666,553.399537037037
2012.9583,7060,NA,7162,7313,7156,7164,7120,7145,NA,7223,7216,2716,2052.7899829213843,1588.6863799283153,537.3073476702509
2013.0417,7065,NA,7114,7224,7097,7096,7043,7070,NA,NA,7176,2657,1732.6441756272402,1531.3391577060931,488.4126344086022
2013.125,6848,NA,6941,7052,6908,6920,6842,6883,NA,6919,6961,2518,1858.8908548282068,1401.3725198412699,329.63343253968253
2013.2083,6896,NA,6966,7080,6989,7017,6856,6952,NA,7009,6998,2638,1609.3961021505377,1520.054211469534,454.71505376344084
2013.2917,6925,NA,7022,7143,6998,7008,6946,6983,NA,7056,7053,2591,1571.9018055555555,1461.4087962962963,415.78960905349794
2013.375,6874,7075,6954,NA,6956,6970,6931,6946,NA,6989,6997,2506,1875.7640232974911,1375.3431899641578,353.6913082437276
2013.4583,6849,7091,6941,NA,6937,6950,6910,6942,NA,6973,6965,2496,1866.492361111111,1356.2680555555555,339.3060185185185
2013.5417,6888,7137,6983,NA,6974,6988,NA,6976,NA,6991,6998,2536,1909.0868333333333,1394.9215949820789,388.52822580645164
2013.625,6951,7170,7064,NA,7032,7037,7074,7027,7071,7052,7079,2587,1942.4198924731181,1438.8512544802868,430.50716845878134
2013.7083,6934,7178,7023,7158,7011,7030,6984,7008,7074,7030,7043,2569,1927.7733796296297,1434.555324074074,415.02222222222224
2013.7917,7098,7352,7173,7298,7185,7200,7135,7165,7233,7195,7217,2746,2092.6732078853047,1594.4903673835124,593.4861111111112
2013.875,6940,NA,7034,NA,7015,7030,6953,7056,7051,7023,7056,2555,1917.4547222222222,1430.5078703703705,379.10092592592594
2013.9583,7187,NA,7285,NA,7293,7259,7279,7246,7227,7293,7390,2767,2126.5647849462366,1627.0105286738353,620.8015966895189
2014.0417,7215,NA,7270,NA,7342,7268,7241,7244,7277,7297,7358,2773,2170.148166666667,1632.3667114695343,554.7475845410628
2014.125,7189,7365,7283,7431,7331,7308,7217,7282,7306,7413,7423,2777,2192.585416666667,1628.1959325396826,661.0446428571428
2014.2083,6912,7156,6999,7099,6996,6978,6938,6963,7022,6992,7056,2499,1935.745267489712,1372.3060035842293,358.55824372759855
2014.2917,6935,7202,7010,7142,7015,7019,6956,6998,7102,7027,7046,2559,1967.6638425925926,1418.2212962962963,402.0064814814815
2014.375,6888,7159,6967,7112,6970,6986,6944,6964,7049,7006,7001,2513,1904.4763392857142,1375.7840501792114,366.9879928315412
2014.4583,6870,7145,6936,7100,6951,6974,6911,6952,7044,6974,6969,2516,1911.5543518518518,1362.6592592592592,373.27560185185183
2014.5417,6927,7173,NA,7150,7001,7015,6970,6999,7079,7016,7027,2552,1956.1397916666667,1405.6353046594982,389.59408296897124
2014.625,6972,7216,7046,7219,7060,7099,7012,7044,7119,7077,7086,2590,1830.8449302546292,1447.09811827957,303.541935483871
2014.7083,6929,7201,NA,7145,7018,7040,6969,7015,7100,7026,7034,2565,1982.2951086956523,1430.4402777777777,440.57800925925926
2014.7917,7130,7340,NA,7339,7224,7267,7187,7196,7235,NA,7282,2750,2164.9611714975845,1602.0725806451612,652.2782163742689
2014.875,7153,7413,NA,7335,7256,7256,7156,7210,7301,NA,7280,NA,2221.684935770751,1628.2736111111112,662.4900462962962
2014.9583,6995,7148,7089,NA,7067,7060,7101,7030,7053,NA,7135,NA,1928.8099914711886,1434.2213261648747,409.59336917562723
2015.0417,6972,7117,7183,NA,7105,7093,7137,7081,7064,7179,7196,NA,1949.6899909826989,1463.6509856630823,432.23360215053765
2015.125,6849,7041,6989,7080,6937,NA,6894,6921,6958,NA,6991,2396,1897.7644097222221,1322.687996031746,295.6194444444444
2015.2083,6863,7042,6970,7097,6937,NA,6921,6946,6933,NA,7016,2482,1822.3004686837114,1322.146953405018,295.92844982078856
2015.2917,6836,7083,6916,7088,6921,NA,6898,6915,6974,NA,6962,2467,1894.4085416666667,1324.538888888889,302.3769907407408
2015.375,6945,7167,7010,7192,7023,NA,7005,7009,7067,NA,7070,2564,1954.9456541218638,1412.279569892473,403.14784946236557
2015.4583,6885,7091,6955,7136,6962,6949,6935,6956,NA,NA,7013,2539,1902.3650925925926,1359.448611111111,336.94092592592597
2015.5417,6968,7206,7039,7204,7058,7066,7033,7045,NA,7075,7107,2632,1996.2474794238683,1441.0349462365593,435.78991769547326
2015.625,7011,7247,7089,7213,7089,7089,NA,7075,7103,NA,7152,2609,2030.2052777777776,1479.6796594982077,464.16412037037037
2015.7083,6945,NA,7003,7152,7021,7073,NA,7010,7039,NA,7054,NA,1995.1869444444446,1430.4185185185186,411.24333333333334
2015.7917,7020,7269,7094,7178,7103,NA,NA,7081,7101,NA,7141,2670,2007.4215802987862,1511.1205197132615,493.0331989247312
2015.875,7133,7305,7202,7386,7209,7140,NA,7211,7132,NA,7282,2724,2050.098738207779,1570.651851851852,542.2456481481481
2015.9583,7259,7361,7342,7468,7361,NA,NA,7307,7244,NA,7473,2856,2198.5791682696185,1681.1182795698924,701.843682795699
2016.0417,7150,7350,7236,7324,7207,7250,NA,7202,7200,NA,7292,2756,2112.9076289201175,1599.7979390681003,610.1124551971326
2016.125,7046,7190,7119,7270,7096,7116,NA,7087,NA,NA,7188,2622,1957.9298913043478,1486.8682950191571,473.78170498084296
2016.2083,6861,7089,6938,7137,6937,6912,NA,6927,6948,NA,6981,2490,1842.869128787879,1337.7163978494623,307.3780465949821
2016.2917,6934,7206,6982,NA,7003,7034,NA,6996,NA,NA,7034,2564,1881.0895833333334,1424.3318452380954,391.8224074074074
2016.375,NA,NA,6973,NA,7002,7042,NA,6999,7025,NA,7015,2584,1900.3476608187136,1418.861111111111,388.68754480286736
2016.4583,NA,7171,6963,NA,6999,7029,NA,NA,7011,NA,NA,2571,1880.8371399176956,1405.3268518518519,383.2639351851852
2016.5417,NA,7166,7002,NA,7030,7039,NA,NA,7002,NA,7058,2590,1887.3270609318997,1420.844982078853,392.7926523297491
2016.625,NA,7175,7025,NA,7044,7056,NA,NA,6999,NA,7086,2620,1901.6763440860216,1433.90770609319,407.41774193548383
2016.7083,NA,NA,7105,NA,7116,7122,NA,NA,NA,NA,7212,2682,1980.3881944444443,1499.599537037037,466.8058796296296
2016.7917,NA,7201,7018,7126,7035,7060,NA,NA,NA,NA,7061,2627,1954.9237007168458,1445.711917562724,420.27822580645164
2016.875,NA,7192,7028,NA,7018,7068,NA,NA,NA,NA,NA,2611,1943.4055092592594,1448.8652777777777,412.4145833333334
2016.9583,NA,7164,7120,NA,7103,7108,NA,NA,NA,NA,NA,2656,1989.415267094017,1487.2508960573475,443.8043010752688
2017.0417,NA,7140,7006,7122,6994,7027,NA,NA,7026,NA,NA,2553,1898.445878136201,1395.8194444444446,351.83517025089606
2017.125,NA,7238,7076,NA,7024,7116,NA,NA,7060,NA,NA,2666,1993.8165674603174,1487.733630952381,456.6622023809524
2017.2083,NA,7179,6991,NA,7025,7033,NA,NA,7023,NA,NA,2579,1918.8275089605736,1413.4135304659499,376.31832437275983
2017.2917,NA,7064,6902,NA,6909,6927,NA,NA,6936,NA,NA,2485,1822.0623611111112,1311.4934382086167,274.9723611111111
2017.375,NA,7206,6983,7199,7040,7063,7012,7070,7037,NA,NA,2684,1956.1465501792115,1446.8275089605736,437.4238799283154
2017.4583,NA,7196,NA,7225,7075,7093,7000,7084,7068,NA,NA,2794,1981.0743055555556,1468.1368055555554,474.47643518518515
2017.5417,NA,NA,NA,7204,7061,NA,7028,7085,7071,NA,NA,2774,1964.5601254480287,1451.4325716845876,458.55143369175624
2017.625,NA,NA,NA,7210,7072,NA,7083,7105,NA,NA,NA,2586,1974.9295698924732,1459.8028673835126,462.40582437275987
2017.7083,NA,NA,7078,7253,7110,NA,7092,7119,NA,NA,NA,2598,2013.3038425925927,1497.3375,501.4943055555555
2017.7917,NA,NA,7150,7329,7165,7231,7191,7149,NA,NA,NA,2616,2047.8845878136203,1530.2594086021506,525.9083781362008
2017.875,NA,NA,7065,7257,7074,NA,7075,7129,NA,NA,NA,2879,1968.1270370370369,1461.638888888889,457.10120370370373
2017.9583,NA,NA,NA,NA,7066,NA,7075,7112,NA,NA,NA,2876,1951.1431451612905,1448.43458781362,435.96949074074075
2018.0417,NA,NA,NA,NA,7123,NA,7165,NA,NA,NA,NA,NA,2024.684901433692,1514.2674731182797,522.2456481481481
2018.125,NA,NA,NA,6962,6916,7027,6926,6966,NA,NA,NA,NA,1844.8810019841271,1341.4905753968253,344.3082837301587
2018.2083,NA,NA,NA,7194,7107,7146,7059,7194,NA,NA,NA,NA,2037.6223566308242,1494.070340501792,568.1140681003585
2018.2917,NA,NA,NA,7178,7052,7067,7027,7060,NA,NA,NA,NA,1966.1099074074073,1496.052745013132,482.6541203703704
2018.375,NA,NA,6936,7098,6960,6971,6911,6982,NA,NA,NA,NA,1872.6288082437277,1397.8031049789586,367.982123655914
2018.4583,NA,7126,6940,7109,6959,6977,6928,6994,6981,NA,NA,NA,1875.9257407407408,1403.5369666199688,374.5225
2018.5417,NA,7201,6939,7144,6986,7010,6955,7014,7005,NA,NA,NA,1909.649417562724,1436.801847597266,413.16133512544803
2018.625,NA,7219,NA,7161,7048,7054,7031,7061,7030,NA,NA,NA,1953.6270161290324,1466.6752558718324,447.8419802867383
2018.7083,NA,NA,NA,NA,7063,7063,7052,7103,7012,NA,NA,NA,1961.6054166666668,1466.4811635791468,447.47194444444443
2018.7917,NA,NA,NA,7232,7054,7088,7040,7140,7083,NA,NA,NA,1983.6137544802868,1490.3633599767118,475.1730734767025
2018.875,NA,NA,NA,7240,7226,7267,7174,7269,NA,NA,NA,NA,2144.615925925926,1651.9178792996265,663.35875
2018.9583,NA,7355,NA,NA,7161,7191,7144,7184,NA,NA,NA,NA,2058.2654121863798,1496.290469348659,586.6988351254481
